Factor,Items,Estimator.x,CFI.x,TLI.x,RMSEA.x,SRMR.x,Item_Count.x,Estimator.y,CFI.y,TLI.y,RMSEA.y,SRMR.y,Item_Count.y
F1,"v1,v10,v11,v13,v55",NA,NA,NA,NA,NA,NA,MLR,0.966230048,0.932460097,0.074411266,0.035961691,5
F1,"v1,v10,v11,v13,v55",NA,NA,NA,NA,NA,NA,WLSMV,0.996571238,0.993142476,0.041405762,0.040111308,5
F1,"v1,v10,v11,v55",NA,NA,NA,NA,NA,NA,WLSMV,0.994977506,0.984932519,0.070459949,0.042158431,4
F1,"v1,v10,v13,v55",MLR,0.98961867,0.96885601,0.032972027,0.02219515,4,WLSMV,0.996815223,0.990445669,0.050105728,0.032414307,4
F1,"v1,v10,v13,v55",MLR,0.98961867,0.96885601,0.032972027,0.02219515,4,MLR,0.978565633,0.9356969,0.072965468,0.029288281,4
F1,"v1,v10,v13,v55",WLSMV,0.990143785,0.970431356,0.042375614,0.030371555,4,WLSMV,0.996815223,0.990445669,0.050105728,0.032414307,4
F1,"v1,v10,v13,v55",WLSMV,0.990143785,0.970431356,0.042375614,0.030371555,4,MLR,0.978565633,0.9356969,0.072965468,0.029288281,4
F1,"v1,v11,v13,v55",NA,NA,NA,NA,NA,NA,MLR,0.993391837,0.98017551,0.047093087,0.025112163,4
F1,"v1,v11,v13,v55",NA,NA,NA,NA,NA,NA,WLSMV,0.999063286,0.997189859,0.031037272,0.027477732,4
F1,"v1,v2,v10,v11,v55",WLSMV,0.989004104,0.978008208,0.073886992,0.051191891,5,NA,NA,NA,NA,NA,NA
F1,"v1,v2,v10,v13",NA,NA,NA,NA,NA,NA,WLSMV,0.99624664,0.988739921,0.074786457,0.041239809,4
F1,"v1,v2,v10,v55",WLSMV,0.998563239,0.995689716,0.042003008,0.027602334,4,WLSMV,0.998812077,0.996436231,0.050735607,0.032964845,4
F1,"v1,v2,v10,v55",MLR,0.989642576,0.968927729,0.057365596,0.028111293,4,WLSMV,0.998812077,0.996436231,0.050735607,0.032964845,4
F1,"v1,v2,v11,v55",MLR,0.990472036,0.971416109,0.049825659,0.026157454,4,NA,NA,NA,NA,NA,NA
F1,"v1,v2,v11,v55",WLSMV,0.998982078,0.996946233,0.033090352,0.029658152,4,NA,NA,NA,NA,NA,NA
F1,"v1,v2,v13,v55",MLR,0.988674805,0.966024415,0.05536251,0.02822713,4,NA,NA,NA,NA,NA,NA
F1,"v1,v2,v13,v55",WLSMV,0.997991161,0.993973482,0.047054073,0.030664503,4,NA,NA,NA,NA,NA,NA
F1,"v1,v2,v3,v10",MLR,0.988868669,0.966606008,0.070396548,0.023849442,4,NA,NA,NA,NA,NA,NA
F1,"v1,v2,v3,v10",WLSMV,0.999117097,0.997351292,0.038759565,0.026465851,4,NA,NA,NA,NA,NA,NA
F1,"v1,v2,v3,v10,v11",WLSMV,0.992990102,0.985980205,0.069319115,0.049239938,5,WLSMV,0.995420636,0.990841273,0.072288198,0.05559145,5
F1,"v1,v2,v3,v10,v11,v55",WLSMV,0.990366082,0.98394347,0.063508284,0.052206577,6,NA,NA,NA,NA,NA,NA
F1,"v1,v2,v3,v10,v13",NA,NA,NA,NA,NA,NA,MLR,0.991938759,0.983877519,0.044664299,0.033070903,5
F1,"v1,v2,v3,v10,v13",NA,NA,NA,NA,NA,NA,WLSMV,0.999565045,0.99913009,0.021865657,0.035578748,5
F1,"v1,v2,v3,v10,v55",MLR,0.969565979,0.939131957,0.077994276,0.035165993,5,MLR,0.992690253,0.985380505,0.046642629,0.026620136,5
F1,"v1,v2,v3,v10,v55",WLSMV,0.996718848,0.993437696,0.049560576,0.038509285,5,MLR,0.992690253,0.985380505,0.046642629,0.026620136,5
F1,"v1,v2,v3,v11",MLR,0.995064889,0.985194666,0.043416852,0.01982045,4,NA,NA,NA,NA,NA,NA
F1,"v1,v2,v3,v11,v55",WLSMV,0.9966081,0.993216199,0.047287123,0.040527514,5,NA,NA,NA,NA,NA,NA
F1,"v1,v2,v3,v11,v55",MLR,0.968448857,0.936897713,0.073944289,0.035389678,5,NA,NA,NA,NA,NA,NA
F1,"v1,v2,v3,v13",WLSMV,0.997178086,0.991534257,0.06617806,0.040388951,4,NA,NA,NA,NA,NA,NA
F1,"v1,v2,v3,v13,v55",WLSMV,0.994308679,0.988617358,0.06231711,0.047039982,5,NA,NA,NA,NA,NA,NA
F1,"v1,v2,v3,v5,v10,v11,v55",WLSMV,0.984168465,0.976252697,0.079348709,0.060062041,7,NA,NA,NA,NA,NA,NA
F1,"v1,v2,v3,v5,v10,v13",NA,NA,NA,NA,NA,NA,WLSMV,0.996085959,0.993476599,0.066221126,0.042278579,6
F1,"v1,v2,v3,v5,v10,v55",NA,NA,NA,NA,NA,NA,WLSMV,0.99645377,0.994089617,0.070062606,0.040010025,6
F1,"v1,v2,v3,v5,v11,v55",WLSMV,0.989213129,0.982021882,0.076197569,0.051753066,6,NA,NA,NA,NA,NA,NA
F1,"v1,v2,v3,v5,v13,v55",WLSMV,0.989138678,0.981897796,0.0776303,0.052101614,6,NA,NA,NA,NA,NA,NA
F1,"v1,v2,v3,v5,v9,v11",NA,NA,NA,NA,NA,NA,WLSMV,0.995680202,0.992800337,0.069352743,0.048178535,6
F1,"v1,v2,v3,v5,v9,v13",NA,NA,NA,NA,NA,NA,WLSMV,0.997421709,0.995702848,0.052959546,0.035038997,6
F1,"v1,v2,v3,v5,v9,v13,v55",WLSMV,0.985519767,0.97827965,0.073830008,0.058030644,7,NA,NA,NA,NA,NA,NA
F1,"v1,v2,v3,v5,v9,v55",WLSMV,0.988725039,0.981208398,0.079768362,0.052672751,6,WLSMV,0.997107649,0.995179415,0.062335408,0.035612542,6
F1,"v1,v2,v3,v55",WLSMV,0.996815104,0.990445312,0.072468986,0.038168664,4,MLR,0.998702213,0.996106639,0.029771328,0.015219715,4
F1,"v1,v2,v3,v9",MLR,0.991157072,0.973471217,0.059590114,0.02115331,4,NA,NA,NA,NA,NA,NA
F1,"v1,v2,v3,v9",WLSMV,0.999299465,0.997898394,0.033161376,0.025866676,4,NA,NA,NA,NA,NA,NA
F1,"v1,v2,v3,v9,v11",NA,NA,NA,NA,NA,NA,MLR,0.98742519,0.97485038,0.055847731,0.039441937,5
F1,"v1,v2,v3,v9,v11",NA,NA,NA,NA,NA,NA,WLSMV,0.99903675,0.9980735,0.032353607,0.043836306,5
F1,"v1,v2,v3,v9,v11,v13",NA,NA,NA,NA,NA,NA,WLSMV,0.990344959,0.983908265,0.078580993,0.064655866,6
F1,"v1,v2,v3,v9,v13",WLSMV,0.99062054,0.981241079,0.07837229,0.057414489,5,NA,NA,NA,NA,NA,NA
F1,"v1,v2,v3,v9,v13,v55",WLSMV,0.988972015,0.981620026,0.066466093,0.056499899,6,WLSMV,0.992523118,0.98753853,0.078930224,0.057330657,6
F1,"v1,v2,v3,v9,v55",WLSMV,0.996236875,0.992473751,0.050953282,0.040086784,5,NA,NA,NA,NA,NA,NA
F1,"v1,v2,v3,v9,v55",MLR,0.9680897,0.9361794,0.076181669,0.035271745,5,NA,NA,NA,NA,NA,NA
F1,"v1,v2,v4,v10",NA,NA,NA,NA,NA,NA,MLR,0.997990482,0.993971447,0.034862492,0.017243597,4
F1,"v1,v2,v4,v10,v11",NA,NA,NA,NA,NA,NA,WLSMV,0.99584246,0.991684921,0.069482473,0.0542194,5
F1,"v1,v2,v4,v10,v11,v55",WLSMV,0.98406638,0.973443966,0.079024407,0.057738643,6,NA,NA,NA,NA,NA,NA
F1,"v1,v2,v4,v10,v13",NA,NA,NA,NA,NA,NA,MLR,0.98212217,0.964244341,0.067651857,0.037169725,5
F1,"v1,v2,v4,v10,v13",NA,NA,NA,NA,NA,NA,WLSMV,0.998768022,0.997536044,0.037180098,0.039098281,5
F1,"v1,v2,v4,v10,v55",NA,NA,NA,NA,NA,NA,MLR,0.99053381,0.981067621,0.053691587,0.026724113,5
F1,"v1,v2,v4,v11",MLR,0.995176313,0.98552894,0.0397898,0.019932811,4,MLR,0.999844175,0.999532526,0.009650288,0.017043539,4
F1,"v1,v2,v4,v11,v55",WLSMV,0.995088205,0.99017641,0.054115813,0.042370826,5,NA,NA,NA,NA,NA,NA
F1,"v1,v2,v4,v11,v55",MLR,0.960253837,0.920507673,0.077569033,0.037723644,5,NA,NA,NA,NA,NA,NA
F1,"v1,v2,v4,v13",WLSMV,0.99740923,0.99222769,0.060156996,0.035106638,4,WLSMV,0.999455834,0.998367502,0.037492071,0.030617539,4
F1,"v1,v2,v4,v13",WLSMV,0.99740923,0.99222769,0.060156996,0.035106638,4,MLR,0.989083641,0.967250924,0.079169356,0.029217631,4
F1,"v1,v2,v4,v13",MLR,0.986421286,0.959263858,0.068367931,0.030645244,4,WLSMV,0.999455834,0.998367502,0.037492071,0.030617539,4
F1,"v1,v2,v4,v13",MLR,0.986421286,0.959263858,0.068367931,0.030645244,4,MLR,0.989083641,0.967250924,0.079169356,0.029217631,4
F1,"v1,v2,v4,v13,v55",WLSMV,0.99318346,0.986366921,0.064864495,0.046144772,5,NA,NA,NA,NA,NA,NA
F1,"v1,v2,v4,v55",NA,NA,NA,NA,NA,NA,MLR,0.995898217,0.987694651,0.053368073,0.01870049,4
F1,"v1,v2,v4,v55",NA,NA,NA,NA,NA,NA,WLSMV,0.999999607,0.999998822,0.001164553,0.01875718,4
F1,"v1,v2,v4,v9",MLR,0.988904341,0.966713024,0.062020747,0.021562204,4,NA,NA,NA,NA,NA,NA
F1,"v1,v2,v4,v9",WLSMV,0.999005452,0.997016355,0.037473003,0.026662578,4,NA,NA,NA,NA,NA,NA
F1,"v1,v2,v4,v9,v11",NA,NA,NA,NA,NA,NA,MLR,0.982308594,0.964617188,0.066829099,0.041234495,5
F1,"v1,v2,v4,v9,v11",NA,NA,NA,NA,NA,NA,WLSMV,0.998567739,0.997135478,0.039590513,0.045776682,5
F1,"v1,v2,v4,v9,v13",WLSMV,0.989726624,0.979453247,0.077834524,0.056035087,5,MLR,0.990526591,0.981053182,0.047440917,0.029656419,5
F1,"v1,v2,v4,v9,v13,v55",WLSMV,0.987206881,0.978678135,0.068118109,0.056306241,6,WLSMV,0.992400051,0.987333418,0.079687039,0.057887094,6
F1,"v1,v2,v4,v9,v55",MLR,0.960241416,0.920482831,0.079661387,0.037484332,5,MLR,0.999024048,0.998048095,0.016668888,0.020140153,5
F1,"v1,v2,v4,v9,v55",WLSMV,0.99483507,0.98967014,0.056758398,0.041660198,5,MLR,0.999024048,0.998048095,0.016668888,0.020140153,5
F1,"v1,v2,v5,v10,v11",NA,NA,NA,NA,NA,NA,WLSMV,0.995596837,0.991193673,0.069985548,0.054385146,5
F1,"v1,v2,v5,v10,v13",NA,NA,NA,NA,NA,NA,WLSMV,0.999912086,0.999824173,0.009691829,0.033731298,5
F1,"v1,v2,v5,v10,v13",NA,NA,NA,NA,NA,NA,MLR,0.995509156,0.991018312,0.033056972,0.031228199,5
F1,"v1,v2,v5,v10,v55",WLSMV,0.9910279,0.9820558,0.077229029,0.04870579,5,MLR,0.99358882,0.98717764,0.043259232,0.025391609,5
F1,"v1,v2,v5,v11",MLR,0.991023584,0.973070752,0.05478451,0.024419828,4,NA,NA,NA,NA,NA,NA
F1,"v1,v2,v5,v11",WLSMV,0.998831996,0.996495988,0.03832072,0.031419864,4,NA,NA,NA,NA,NA,NA
F1,"v1,v2,v5,v11,v55",WLSMV,0.997142417,0.994284834,0.039779605,0.039290671,5,NA,NA,NA,NA,NA,NA
F1,"v1,v2,v5,v11,v55",MLR,0.975475582,0.950951165,0.06119375,0.035097894,5,NA,NA,NA,NA,NA,NA
F1,"v1,v2,v5,v13",MLR,0.991189262,0.973567787,0.055318735,0.026591238,4,NA,NA,NA,NA,NA,NA
F1,"v1,v2,v5,v13",WLSMV,0.999039624,0.997118872,0.035204663,0.029780709,4,NA,NA,NA,NA,NA,NA
F1,"v1,v2,v5,v13,v55",WLSMV,0.996878105,0.993756209,0.042225813,0.038933089,5,NA,NA,NA,NA,NA,NA
F1,"v1,v2,v5,v13,v55",MLR,0.973869577,0.947739155,0.06438872,0.036577846,5,NA,NA,NA,NA,NA,NA
F1,"v1,v2,v5,v55",WLSMV,0.998346853,0.99504056,0.047829279,0.031375889,4,MLR,0.998656767,0.9959703,0.029906766,0.014142757,4
F1,"v1,v2,v5,v55",MLR,0.983392679,0.950178037,0.07942707,0.030329102,4,MLR,0.998656767,0.9959703,0.029906766,0.014142757,4
F1,"v1,v2,v5,v9",WLSMV,0.995531313,0.986593939,0.077558366,0.040107497,4,NA,NA,NA,NA,NA,NA
F1,"v1,v2,v5,v9,v11",NA,NA,NA,NA,NA,NA,MLR,0.990265905,0.980531809,0.048736014,0.037618802,5
F1,"v1,v2,v5,v9,v11",NA,NA,NA,NA,NA,NA,WLSMV,0.999505142,0.999010284,0.022877499,0.04123757,5
F1,"v1,v2,v5,v9,v11,v13",NA,NA,NA,NA,NA,NA,WLSMV,0.990269535,0.983782558,0.077800281,0.063894214,6
F1,"v1,v2,v5,v9,v13,v55",WLSMV,0.988431539,0.980719231,0.063115972,0.054246586,6,NA,NA,NA,NA,NA,NA
F1,"v1,v2,v5,v9,v13,v55",MLR,0.942245598,0.903742664,0.074934344,0.048847618,6,NA,NA,NA,NA,NA,NA
F1,"v1,v2,v5,v9,v55",MLR,0.96559525,0.931190501,0.075294657,0.040004911,5,NA,NA,NA,NA,NA,NA
F1,"v1,v2,v5,v9,v55",WLSMV,0.994848549,0.989697099,0.055308973,0.042318021,5,NA,NA,NA,NA,NA,NA
F1,"v1,v2,v9,v13",NA,NA,NA,NA,NA,NA,MLR,0.998593503,0.99578051,0.021624468,0.020977516,4
F1,"v1,v2,v9,v13,v55",WLSMV,0.98822236,0.97644472,0.074639365,0.05467274,5,NA,NA,NA,NA,NA,NA
F1,"v1,v2,v9,v13,v55",MLR,0.952274722,0.904549444,0.07613061,0.04810202,5,NA,NA,NA,NA,NA,NA
F1,"v1,v2,v9,v55",WLSMV,0.999228582,0.997685747,0.029591593,0.026203883,4,MLR,0.999370049,0.998110147,0.016782423,0.016371211,4
F1,"v1,v2,v9,v55",MLR,0.995282285,0.985846856,0.036425299,0.025086503,4,MLR,0.999370049,0.998110147,0.016782423,0.016371211,4
F1,"v1,v3,v10,v11,v55",WLSMV,0.972964297,0.945928593,0.072559922,0.051355396,5,NA,NA,NA,NA,NA,NA
F1,"v1,v3,v10,v13",NA,NA,NA,NA,NA,NA,MLR,0.98540065,0.956201949,0.063822242,0.033442959,4
F1,"v1,v3,v10,v13",NA,NA,NA,NA,NA,NA,WLSMV,0.996272147,0.988816442,0.05754753,0.035165136,4
F1,"v1,v3,v10,v55",WLSMV,0.998777438,0.996332313,0.024053136,0.023478389,4,MLR,0.996517689,0.989553068,0.037502562,0.022778853,4
F1,"v1,v3,v10,v55",MLR,0.993269462,0.979808387,0.039075872,0.022130391,4,MLR,0.996517689,0.989553068,0.037502562,0.022778853,4
F1,"v1,v3,v11,v55",MLR,0.984350081,0.953050244,0.051788914,0.027059881,4,NA,NA,NA,NA,NA,NA
F1,"v1,v3,v11,v55",WLSMV,0.995559269,0.986677806,0.03836331,0.031635729,4,NA,NA,NA,NA,NA,NA
F1,"v1,v3,v4,v10",MLR,0.99352843,0.980585291,0.056529718,0.019577607,4,MLR,0.992718876,0.978156629,0.07435874,0.024112808,4
F1,"v1,v3,v4,v10",WLSMV,0.999466773,0.99840032,0.035531537,0.024499204,4,MLR,0.992718876,0.978156629,0.07435874,0.024112808,4
F1,"v1,v3,v4,v10,v11",MLR,0.970237434,0.940474868,0.077493754,0.043657615,5,NA,NA,NA,NA,NA,NA
F1,"v1,v3,v4,v10,v11",WLSMV,0.994030586,0.988061172,0.075389819,0.051635241,5,NA,NA,NA,NA,NA,NA
F1,"v1,v3,v4,v10,v11,v55",MLR,0.970347409,0.950579015,0.060266137,0.041840427,6,NA,NA,NA,NA,NA,NA
F1,"v1,v3,v4,v10,v11,v55",WLSMV,0.994427066,0.990711776,0.056038464,0.048319964,6,NA,NA,NA,NA,NA,NA
F1,"v1,v3,v4,v10,v13",NA,NA,NA,NA,NA,NA,WLSMV,0.999624663,0.999249327,0.030602059,0.037878149,5
F1,"v1,v3,v4,v10,v13",NA,NA,NA,NA,NA,NA,MLR,0.988969934,0.977939868,0.059189935,0.034681777,5
F1,"v1,v3,v4,v10,v13,v55",WLSMV,0.991474897,0.985791495,0.07106196,0.054405233,6,NA,NA,NA,NA,NA,NA
F1,"v1,v3,v4,v10,v13,v55",MLR,0.959437909,0.932396516,0.07300463,0.046412183,6,NA,NA,NA,NA,NA,NA
F1,"v1,v3,v4,v10,v55",MLR,0.99425365,0.988507299,0.035201082,0.023978529,5,NA,NA,NA,NA,NA,NA
F1,"v1,v3,v4,v10,v55",WLSMV,0.999854031,0.999708062,0.012136558,0.026724289,5,NA,NA,NA,NA,NA,NA
F1,"v1,v3,v4,v11",MLR,0.997007894,0.991023682,0.03592186,0.022124779,4,MLR,0.998670312,0.996010936,0.031782813,0.019264194,4
F1,"v1,v3,v4,v11",WLSMV,0.999789948,0.999369844,0.021220642,0.027813595,4,MLR,0.998670312,0.996010936,0.031782813,0.019264194,4
F1,"v1,v3,v4,v5,v10",WLSMV,0.997435853,0.994871705,0.064011575,0.0379913,5,MLR,0.992531739,0.985063478,0.060247425,0.022100457,5
F1,"v1,v3,v4,v5,v10,v11",WLSMV,0.993837028,0.98972838,0.07409152,0.054088485,6,WLSMV,0.998315096,0.997191827,0.063662694,0.056624483,6
F1,"v1,v3,v4,v5,v10,v11,v55",WLSMV,0.994496792,0.991745188,0.057486162,0.049751096,7,NA,NA,NA,NA,NA,NA
F1,"v1,v3,v4,v5,v10,v11,v55",MLR,0.960419928,0.940629892,0.069222274,0.041733116,7,NA,NA,NA,NA,NA,NA
F1,"v1,v3,v4,v5,v10,v13",NA,NA,NA,NA,NA,NA,MLR,0.990070163,0.983450271,0.052494853,0.031654231,6
F1,"v1,v3,v4,v5,v10,v13,v55",WLSMV,0.993156821,0.989735232,0.065213542,0.052592004,7,NA,NA,NA,NA,NA,NA
F1,"v1,v3,v4,v5,v10,v13,v55",MLR,0.955862011,0.933793017,0.074672867,0.043778757,7,NA,NA,NA,NA,NA,NA
F1,"v1,v3,v4,v5,v10,v55",WLSMV,0.998020076,0.996700126,0.04293552,0.035246016,6,WLSMV,0.997837418,0.996395697,0.075708115,0.044538125,6
F1,"v1,v3,v4,v5,v10,v55",MLR,0.977905217,0.963175361,0.063965543,0.029349626,6,WLSMV,0.997837418,0.996395697,0.075708115,0.044538125,6
F1,"v1,v3,v4,v5,v11",WLSMV,0.997872342,0.995744684,0.055703602,0.03883257,5,MLR,0.994580122,0.989160243,0.051320162,0.020266923,5
F1,"v1,v3,v4,v5,v11",MLR,0.979965972,0.959931943,0.07519707,0.029487303,5,MLR,0.994580122,0.989160243,0.051320162,0.020266923,5
F1,"v1,v3,v4,v5,v11,v13",NA,NA,NA,NA,NA,NA,WLSMV,0.99779768,0.996329467,0.072516362,0.057762781,6
F1,"v1,v3,v4,v5,v11,v55",MLR,0.983571878,0.972619797,0.052296181,0.027722207,6,NA,NA,NA,NA,NA,NA
F1,"v1,v3,v4,v5,v11,v55",WLSMV,0.998666736,0.997777894,0.033618016,0.035557625,6,NA,NA,NA,NA,NA,NA
F1,"v1,v3,v4,v5,v13",WLSMV,0.998675827,0.997351654,0.0444344,0.030717307,5,MLR,0.994799452,0.989598904,0.049826613,0.017233747,5
F1,"v1,v3,v4,v5,v13",MLR,0.9844276,0.968855201,0.067381607,0.022875679,5,MLR,0.994799452,0.989598904,0.049826613,0.017233747,5
F1,"v1,v3,v4,v5,v13,v55",WLSMV,0.999348832,0.99891472,0.023775592,0.029248211,6,NA,NA,NA,NA,NA,NA
F1,"v1,v3,v4,v5,v13,v55",MLR,0.987917252,0.979862086,0.04556036,0.022540224,6,NA,NA,NA,NA,NA,NA
F1,"v1,v3,v4,v5,v55",MLR,0.985243586,0.970487172,0.066472369,0.022514915,5,NA,NA,NA,NA,NA,NA
F1,"v1,v3,v4,v5,v55",WLSMV,0.998681197,0.997362394,0.044856215,0.030281102,5,NA,NA,NA,NA,NA,NA
F1,"v1,v3,v4,v5,v9",WLSMV,0.997092281,0.994184561,0.065804016,0.041227605,5,MLR,0.991306016,0.982612031,0.064060143,0.023737398,5
F1,"v1,v3,v4,v5,v9,v11",NA,NA,NA,NA,NA,NA,WLSMV,0.999380125,0.998966875,0.03828327,0.048887715,6
F1,"v1,v3,v4,v5,v9,v11",NA,NA,NA,NA,NA,NA,MLR,0.981274759,0.968791264,0.071965392,0.043447326,6
F1,"v1,v3,v4,v5,v9,v11,v13",NA,NA,NA,NA,NA,NA,WLSMV,0.997082071,0.995623106,0.067260603,0.063133171,7
F1,"v1,v3,v4,v5,v9,v11,v55",WLSMV,0.989730698,0.984596047,0.075953708,0.062220924,7,NA,NA,NA,NA,NA,NA
F1,"v1,v3,v4,v5,v9,v13",WLSMV,0.995360907,0.992268179,0.06280095,0.049960813,6,MLR,0.992226412,0.98704402,0.04569698,0.025855199,6
F1,"v1,v3,v4,v5,v9,v13",MLR,0.962446619,0.937411032,0.07979019,0.040315696,6,MLR,0.992226412,0.98704402,0.04569698,0.025855199,6
F1,"v1,v3,v4,v5,v9,v13,v55",WLSMV,0.99598884,0.99398326,0.047972435,0.046411081,7,NA,NA,NA,NA,NA,NA
F1,"v1,v3,v4,v5,v9,v13,v55",MLR,0.966123375,0.949185062,0.062570108,0.03828163,7,NA,NA,NA,NA,NA,NA
F1,"v1,v3,v4,v5,v9,v55",WLSMV,0.997479328,0.99579888,0.046757167,0.039501616,6,WLSMV,0.998325999,0.997209999,0.066033666,0.039397482,6
F1,"v1,v3,v4,v5,v9,v55",MLR,0.972429837,0.954049728,0.068927305,0.032370573,6,WLSMV,0.998325999,0.997209999,0.066033666,0.039397482,6
F1,"v1,v3,v4,v9",NA,NA,NA,NA,NA,NA,MLR,0.998614468,0.995843404,0.031597063,0.021218906,4
F1,"v1,v3,v4,v9,v11",NA,NA,NA,NA,NA,NA,WLSMV,0.998376515,0.996753031,0.063289937,0.05565521,5
F1,"v1,v3,v4,v9,v11,v55",WLSMV,0.987791481,0.979652468,0.079832637,0.062261057,6,NA,NA,NA,NA,NA,NA
F1,"v1,v3,v4,v9,v11,v55",MLR,0.954325744,0.923876239,0.071830554,0.052692071,6,NA,NA,NA,NA,NA,NA
F1,"v1,v3,v4,v9,v13",WLSMV,0.996993213,0.993986425,0.05219691,0.044430435,5,MLR,0.999129589,0.998259177,0.016161342,0.025116839,5
F1,"v1,v3,v4,v9,v13",MLR,0.988489458,0.976978915,0.046773489,0.03623781,5,MLR,0.999129589,0.998259177,0.016161342,0.025116839,5
F1,"v1,v3,v4,v9,v13,v55",MLR,0.989257599,0.982095998,0.035227804,0.036427646,6,NA,NA,NA,NA,NA,NA
F1,"v1,v3,v4,v9,v13,v55",WLSMV,0.997338591,0.995564318,0.03780042,0.042748656,6,NA,NA,NA,NA,NA,NA
F1,"v1,v3,v5,v10",WLSMV,0.995887479,0.987662437,0.066678911,0.033240523,4,MLR,0.999308546,0.997925637,0.02004639,0.016796105,4
F1,"v1,v3,v5,v10,v11,v55",MLR,0.949037879,0.915063132,0.07170704,0.043417654,6,NA,NA,NA,NA,NA,NA
F1,"v1,v3,v5,v10,v11,v55",WLSMV,0.98615679,0.976927984,0.061800472,0.05117007,6,NA,NA,NA,NA,NA,NA
F1,"v1,v3,v5,v10,v13",NA,NA,NA,NA,NA,NA,MLR,0.994351435,0.98870287,0.037094265,0.032327464,5
F1,"v1,v3,v5,v10,v13",NA,NA,NA,NA,NA,NA,WLSMV,0.999410348,0.998820696,0.025501789,0.036191072,5
F1,"v1,v3,v5,v10,v13,v55",WLSMV,0.986391897,0.977319829,0.064183653,0.051653775,6,NA,NA,NA,NA,NA,NA
F1,"v1,v3,v5,v10,v13,v55",MLR,0.950913068,0.918188447,0.073177434,0.042608318,6,NA,NA,NA,NA,NA,NA
F1,"v1,v3,v5,v10,v55",MLR,0.984783886,0.969567773,0.051676643,0.025862395,5,WLSMV,0.996583507,0.993167014,0.071507953,0.038734917,5
F1,"v1,v3,v5,v10,v55",WLSMV,0.998283518,0.996567035,0.029028146,0.029853992,5,WLSMV,0.996583507,0.993167014,0.071507953,0.038734917,5
F1,"v1,v3,v5,v11",MLR,0.991526257,0.974578771,0.051484247,0.025136909,4,NA,NA,NA,NA,NA,NA
F1,"v1,v3,v5,v11",WLSMV,0.998136533,0.994409599,0.039570443,0.032424464,4,NA,NA,NA,NA,NA,NA
F1,"v1,v3,v5,v11,v55",MLR,0.99641872,0.992837441,0.022598231,0.02555177,5,NA,NA,NA,NA,NA,NA
F1,"v1,v3,v5,v9",MLR,0.985770889,0.957312668,0.069032888,0.025962102,4,NA,NA,NA,NA,NA,NA
F1,"v1,v3,v5,v9",WLSMV,0.996704929,0.990114786,0.05469972,0.031527288,4,NA,NA,NA,NA,NA,NA
F1,"v1,v3,v5,v9,v11",NA,NA,NA,NA,NA,NA,WLSMV,0.998043189,0.996086377,0.046227087,0.048206795,5
F1,"v1,v3,v5,v9,v11",NA,NA,NA,NA,NA,NA,MLR,0.984537147,0.969074293,0.061632784,0.041735568,5
F1,"v1,v3,v5,v9,v13",WLSMV,0.991102892,0.982205785,0.059216974,0.046279177,5,NA,NA,NA,NA,NA,NA
F1,"v1,v3,v5,v9,v13",MLR,0.971682707,0.943365413,0.064644519,0.037716724,5,NA,NA,NA,NA,NA,NA
F1,"v1,v3,v5,v9,v13,v55",MLR,0.979732686,0.966221143,0.043234232,0.034622608,6,NA,NA,NA,NA,NA,NA
F1,"v1,v3,v5,v9,v13,v55",WLSMV,0.994697203,0.991162006,0.036443903,0.041430106,6,NA,NA,NA,NA,NA,NA
F1,"v1,v3,v5,v9,v55",WLSMV,0.998546591,0.997093181,0.024580575,0.030908093,5,MLR,0.983598796,0.967197592,0.067475099,0.028244164,5
F1,"v1,v3,v5,v9,v55",WLSMV,0.998546591,0.997093181,0.024580575,0.030908093,5,WLSMV,0.997878045,0.995756089,0.05523071,0.030683461,5
F1,"v1,v3,v5,v9,v55",MLR,0.989874518,0.979749036,0.039274434,0.026527465,5,MLR,0.983598796,0.967197592,0.067475099,0.028244164,5
F1,"v1,v3,v5,v9,v55",MLR,0.989874518,0.979749036,0.039274434,0.026527465,5,WLSMV,0.997878045,0.995756089,0.05523071,0.030683461,5
F1,"v1,v3,v9,v13,v55",WLSMV,0.981716589,0.963433178,0.056725066,0.046010212,5,NA,NA,NA,NA,NA,NA
F1,"v1,v3,v9,v13,v55",MLR,0.963579088,0.927158176,0.056533612,0.038938862,5,NA,NA,NA,NA,NA,NA
F1,"v1,v3,v9,v55",MLR,0.992967615,0.978902846,0.03603308,0.024171809,4,NA,NA,NA,NA,NA,NA
F1,"v1,v3,v9,v55",WLSMV,0.997175611,0.991526832,0.032317339,0.026775587,4,NA,NA,NA,NA,NA,NA
F1,"v1,v4,v10,v11,v55",WLSMV,0.976344819,0.952689638,0.066374688,0.048036142,5,NA,NA,NA,NA,NA,NA
F1,"v1,v4,v10,v13",NA,NA,NA,NA,NA,NA,MLR,0.9946211,0.9838633,0.040390106,0.026630091,4
F1,"v1,v4,v10,v13",NA,NA,NA,NA,NA,NA,WLSMV,0.998649981,0.995949944,0.035150978,0.028899673,4
F1,"v1,v4,v10,v13,v55",WLSMV,0.977802014,0.955604028,0.070776532,0.048908828,5,NA,NA,NA,NA,NA,NA
F1,"v1,v4,v10,v55",NA,NA,NA,NA,NA,NA,MLR,0.999107797,0.997323392,0.019461643,0.017910382,4
F1,"v1,v4,v11,v55",MLR,0.98036727,0.94110181,0.050077969,0.026940475,4,NA,NA,NA,NA,NA,NA
F1,"v1,v4,v11,v55",WLSMV,0.994137273,0.98241182,0.03999953,0.032062,4,NA,NA,NA,NA,NA,NA
F1,"v1,v4,v5,v10",MLR,0.996843643,0.99053093,0.037149001,0.01602285,4,NA,NA,NA,NA,NA,NA
F1,"v1,v4,v5,v10,v11",WLSMV,0.990695731,0.981391463,0.075439594,0.052282456,5,NA,NA,NA,NA,NA,NA
F1,"v1,v4,v5,v10,v11,v55",MLR,0.967650529,0.946084215,0.059598611,0.041211371,6,NA,NA,NA,NA,NA,NA
F1,"v1,v4,v5,v10,v11,v55",WLSMV,0.992217628,0.98702938,0.053709588,0.047773615,6,NA,NA,NA,NA,NA,NA
F1,"v1,v4,v5,v10,v13",NA,NA,NA,NA,NA,NA,MLR,0.992533245,0.985066491,0.047415678,0.032616549,5
F1,"v1,v4,v5,v10,v13",NA,NA,NA,NA,NA,NA,WLSMV,0.99947289,0.99894578,0.030018807,0.036973113,5
F1,"v1,v4,v5,v10,v13,v55",MLR,0.963756924,0.939594874,0.065090768,0.042474169,6,NA,NA,NA,NA,NA,NA
F1,"v1,v4,v5,v10,v13,v55",WLSMV,0.990147391,0.983578985,0.062490071,0.050093845,6,NA,NA,NA,NA,NA,NA
F1,"v1,v4,v5,v11",MLR,0.994325123,0.98297537,0.044980897,0.024596006,4,MLR,0.998870713,0.996612139,0.02846203,0.019230805,4
F1,"v1,v4,v5,v11",WLSMV,0.998940791,0.996822374,0.036199012,0.031642662,4,MLR,0.998870713,0.996612139,0.02846203,0.019230805,4
F1,"v1,v4,v5,v11,v55",MLR,0.999344386,0.998688773,0.010180927,0.024299936,5,NA,NA,NA,NA,NA,NA
F1,"v1,v4,v5,v13",NA,NA,NA,NA,NA,NA,MLR,0.997903497,0.993710491,0.038206859,0.015861518,4
F1,"v1,v4,v5,v9",WLSMV,0.998578593,0.995735779,0.042936161,0.029164835,4,MLR,0.996428439,0.989285317,0.049377421,0.020446011,4
F1,"v1,v4,v5,v9,v11",NA,NA,NA,NA,NA,NA,WLSMV,0.997763077,0.995526154,0.061366729,0.054259743,5
F1,"v1,v4,v5,v9,v13",MLR,0.967386534,0.934773068,0.072976026,0.039124629,5,MLR,0.993160669,0.986321338,0.044172567,0.026212414,5
F1,"v1,v4,v5,v9,v13",WLSMV,0.993574786,0.987149571,0.059320963,0.047167517,5,MLR,0.993160669,0.986321338,0.044172567,0.026212414,5
F1,"v1,v4,v5,v9,v13,v55",WLSMV,0.995030632,0.99171772,0.040744808,0.043812101,6,NA,NA,NA,NA,NA,NA
F1,"v1,v4,v5,v9,v13,v55",MLR,0.972466088,0.954110147,0.052496571,0.037321988,6,NA,NA,NA,NA,NA,NA
F1,"v1,v4,v5,v9,v55",MLR,0.984796495,0.96959299,0.050598987,0.027373695,5,NA,NA,NA,NA,NA,NA
F1,"v1,v4,v5,v9,v55",WLSMV,0.999244856,0.998489712,0.020714723,0.031254177,5,NA,NA,NA,NA,NA,NA
F1,"v1,v4,v9,v13",NA,NA,NA,NA,NA,NA,MLR,0.994937754,0.984813261,0.036238604,0.022155317,4
F1,"v1,v4,v9,v13,v55",WLSMV,0.980111753,0.960223506,0.054142752,0.044842916,5,NA,NA,NA,NA,NA,NA
F1,"v1,v4,v9,v13,v55",MLR,0.954025537,0.908051073,0.055785344,0.03817955,5,NA,NA,NA,NA,NA,NA
F1,"v1,v4,v9,v55",MLR,0.988378111,0.965134333,0.040215442,0.024555654,4,NA,NA,NA,NA,NA,NA
F1,"v1,v4,v9,v55",WLSMV,0.996933172,0.990799515,0.030500837,0.026533891,4,NA,NA,NA,NA,NA,NA
F1,"v1,v5,v10,v11,v55",WLSMV,0.968419094,0.936838188,0.070998153,0.050987134,5,NA,NA,NA,NA,NA,NA
F1,"v1,v5,v10,v13",NA,NA,NA,NA,NA,NA,MLR,0.9892003,0.967600901,0.053487826,0.03145808,4
F1,"v1,v5,v10,v13",NA,NA,NA,NA,NA,NA,WLSMV,0.996638043,0.989914129,0.054384389,0.034228072,4
F1,"v1,v5,v10,v13,v55",MLR,0.958458875,0.91691775,0.063192772,0.035144045,5,NA,NA,NA,NA,NA,NA
F1,"v1,v5,v10,v13,v55",WLSMV,0.982261928,0.964523855,0.058872478,0.045185546,5,NA,NA,NA,NA,NA,NA
F1,"v1,v5,v10,v55",NA,NA,NA,NA,NA,NA,MLR,0.993109607,0.979328822,0.051515347,0.023490459,4
F1,"v1,v5,v11,v55",WLSMV,0.987337626,0.962012878,0.048794764,0.035460261,4,NA,NA,NA,NA,NA,NA
F1,"v1,v5,v11,v55",MLR,0.970047341,0.910142024,0.058378948,0.029000188,4,NA,NA,NA,NA,NA,NA
F1,"v1,v5,v9,v11",NA,NA,NA,NA,NA,NA,WLSMV,0.993813228,0.981439685,0.072807798,0.04669748,4
F1,"v1,v5,v9,v13",WLSMV,0.975515291,0.926545873,0.073689347,0.042521975,4,NA,NA,NA,NA,NA,NA
F1,"v1,v5,v9,v13,v55",MLR,0.984389188,0.968778376,0.032106026,0.029314789,5,NA,NA,NA,NA,NA,NA
F1,"v1,v5,v9,v13,v55",WLSMV,0.992150355,0.98430071,0.031057494,0.035759126,5,NA,NA,NA,NA,NA,NA
F1,"v1,v9,v10,v11",WLSMV,0.991500196,0.974500589,0.062522749,0.035763129,4,NA,NA,NA,NA,NA,NA
F1,"v1,v9,v10,v13",NA,NA,NA,NA,NA,NA,MLR,0.975714666,0.927143998,0.07810646,0.040311288,4
F1,"v1,v9,v10,v13,v55",WLSMV,0.98891623,0.977832459,0.050983962,0.041566922,5,NA,NA,NA,NA,NA,NA
F1,"v1,v9,v10,v13,v55",MLR,0.978037016,0.956074031,0.047905045,0.035225239,5,NA,NA,NA,NA,NA,NA
F1,"v1,v9,v11,v13",MLR,0.990623665,0.971870995,0.025456093,0.020786073,4,NA,NA,NA,NA,NA,NA
F1,"v1,v9,v11,v13",WLSMV,0.998164157,0.994492472,0.015064437,0.025697285,4,NA,NA,NA,NA,NA,NA
F1,"v1,v9,v11,v13,v55",NA,NA,NA,NA,NA,NA,WLSMV,0.993743188,0.987486377,0.052304181,0.047422341,5
F1,"v1,v9,v13,v55",WLSMV,0.993137762,0.979413287,0.024212225,0.025661529,4,WLSMV,0.995096382,0.985289147,0.057359356,0.039847966,4
F1,"v1,v9,v13,v55",WLSMV,0.993137762,0.979413287,0.024212225,0.025661529,4,MLR,0.970791075,0.912373224,0.077849991,0.033491224,4
F1,"v1,v9,v13,v55",MLR,0.998248957,0.994746872,0.009479796,0.019210832,4,WLSMV,0.995096382,0.985289147,0.057359356,0.039847966,4
F1,"v1,v9,v13,v55",MLR,0.998248957,0.994746872,0.009479796,0.019210832,4,MLR,0.970791075,0.912373224,0.077849991,0.033491224,4
F1,"v2,v10,v11,v13",NA,NA,NA,NA,NA,NA,MLR,0.975543284,0.926629853,0.063987969,0.029654051,4
F1,"v2,v10,v11,v13",NA,NA,NA,NA,NA,NA,WLSMV,0.990234681,0.970704044,0.054399881,0.036066603,4
F1,"v2,v10,v11,v13,v55",NA,NA,NA,NA,NA,NA,MLR,0.962312472,0.924624944,0.075293305,0.038257409,5
F1,"v2,v10,v11,v13,v55",NA,NA,NA,NA,NA,NA,WLSMV,0.992889619,0.985779238,0.052970213,0.045649157,5
F1,"v2,v11,v13,v55",NA,NA,NA,NA,NA,NA,MLR,0.998565228,0.995695685,0.020416163,0.020990454,4
F1,"v2,v11,v13,v55",NA,NA,NA,NA,NA,NA,WLSMV,0.999931252,0.999793756,0.007186827,0.025720842,4
F1,"v2,v3,v10,v11,v55",MLR,0.961166373,0.922332746,0.061602094,0.039778495,5,NA,NA,NA,NA,NA,NA
F1,"v2,v3,v10,v11,v55",WLSMV,0.982521855,0.965043709,0.063374316,0.046430672,5,NA,NA,NA,NA,NA,NA
F1,"v2,v3,v10,v13",NA,NA,NA,NA,NA,NA,WLSMV,0.992961504,0.978884512,0.068921148,0.039807296,4
F1,"v2,v3,v10,v13,v55",WLSMV,0.977014812,0.954029624,0.079048371,0.054002417,5,NA,NA,NA,NA,NA,NA
F1,"v2,v3,v10,v55",NA,NA,NA,NA,NA,NA,MLR,0.986831007,0.960493022,0.068324382,0.026759098,4
F1,"v2,v3,v10,v55",NA,NA,NA,NA,NA,NA,WLSMV,0.999153509,0.997460527,0.031684099,0.029039161,4
F1,"v2,v3,v13,v55",MLR,0.992112805,0.976338414,0.038793461,0.019974769,4,NA,NA,NA,NA,NA,NA
F1,"v2,v3,v13,v55",WLSMV,0.99913392,0.997401761,0.01939027,0.025213026,4,NA,NA,NA,NA,NA,NA
F1,"v2,v3,v4,v10",NA,NA,NA,NA,NA,NA,WLSMV,0.999228378,0.997685135,0.066615957,0.04119803,4
F1,"v2,v3,v4,v10,v11,v55",WLSMV,0.989252594,0.982087657,0.078644141,0.056929054,6,NA,NA,NA,NA,NA,NA
F1,"v2,v3,v4,v10,v13",NA,NA,NA,NA,NA,NA,WLSMV,0.998817825,0.99763565,0.052694114,0.045645551,5
F1,"v2,v3,v4,v10,v55",WLSMV,0.993961112,0.987922224,0.078922257,0.047926585,5,WLSMV,0.998279928,0.996559856,0.067470637,0.046503369,5
F1,"v2,v3,v4,v11",NA,NA,NA,NA,NA,NA,MLR,0.999213197,0.997639591,0.023818579,0.018978548,4
F1,"v2,v3,v4,v11,v55",MLR,0.988672221,0.977344442,0.04561969,0.029959043,5,NA,NA,NA,NA,NA,NA
F1,"v2,v3,v4,v11,v55",WLSMV,0.998130348,0.996260695,0.041396151,0.034527289,5,NA,NA,NA,NA,NA,NA
F1,"v2,v3,v4,v13,v55",WLSMV,0.998203769,0.996407538,0.041245644,0.034242607,5,NA,NA,NA,NA,NA,NA
F1,"v2,v3,v4,v13,v55",MLR,0.989461827,0.978923654,0.045306687,0.029474619,5,NA,NA,NA,NA,NA,NA
F1,"v2,v3,v4,v5",NA,NA,NA,NA,NA,NA,WLSMV,0.999891848,0.999675544,0.032412568,0.019944176,4
F1,"v2,v3,v4,v5,v10",NA,NA,NA,NA,NA,NA,WLSMV,0.999716322,0.999432643,0.033594041,0.035605866,5
F1,"v2,v3,v4,v5,v10,v11",NA,NA,NA,NA,NA,NA,WLSMV,0.997775352,0.996292253,0.071099077,0.059627597,6
F1,"v2,v3,v4,v5,v10,v11,v55",WLSMV,0.99143543,0.987153146,0.072361687,0.054711834,7,NA,NA,NA,NA,NA,NA
F1,"v2,v3,v4,v5,v10,v13",NA,NA,NA,NA,NA,NA,MLR,0.981352504,0.968920841,0.071234454,0.037397907,6
F1,"v2,v3,v4,v5,v10,v13",NA,NA,NA,NA,NA,NA,WLSMV,0.999518862,0.999198103,0.032843367,0.041237958,6
F1,"v2,v3,v4,v5,v10,v13,v55",WLSMV,0.989973761,0.984960641,0.079637141,0.058766818,7,NA,NA,NA,NA,NA,NA
F1,"v2,v3,v4,v5,v10,v55",WLSMV,0.994368158,0.990613597,0.073085091,0.047402721,6,WLSMV,0.999053988,0.998423313,0.04825397,0.042539527,6
F1,"v2,v3,v4,v5,v11",WLSMV,0.997490351,0.994980703,0.060505233,0.034993595,5,MLR,0.992672557,0.985345114,0.058841971,0.021211607,5
F1,"v2,v3,v4,v5,v11,v13",NA,NA,NA,NA,NA,NA,WLSMV,0.997506391,0.995843986,0.074847435,0.058296572,6
F1,"v2,v3,v4,v5,v11,v55",MLR,0.969415716,0.949026194,0.071391665,0.03260368,6,NA,NA,NA,NA,NA,NA
F1,"v2,v3,v4,v5,v11,v55",WLSMV,0.996381849,0.993969748,0.055677157,0.040195283,6,NA,NA,NA,NA,NA,NA
F1,"v2,v3,v4,v5,v13",WLSMV,0.997414959,0.994829917,0.062103201,0.035808759,5,MLR,0.992800778,0.985601555,0.057787809,0.018576711,5
F1,"v2,v3,v4,v5,v13,v55",WLSMV,0.996286836,0.993811393,0.057081865,0.040781255,6,NA,NA,NA,NA,NA,NA
F1,"v2,v3,v4,v5,v13,v55",MLR,0.969148182,0.948580304,0.073018063,0.032691418,6,NA,NA,NA,NA,NA,NA
F1,"v2,v3,v4,v5,v55",NA,NA,NA,NA,NA,NA,MLR,0.988284293,0.976568586,0.07667764,0.026750904,5
F1,"v2,v3,v4,v5,v55",NA,NA,NA,NA,NA,NA,WLSMV,0.9997185,0.999437001,0.03483236,0.027501858,5
F1,"v2,v3,v4,v5,v9",NA,NA,NA,NA,NA,NA,WLSMV,0.999683253,0.999366507,0.035235625,0.037669878,5
F1,"v2,v3,v4,v5,v9,v11",NA,NA,NA,NA,NA,NA,WLSMV,0.998935942,0.998226571,0.048722201,0.052145502,6
F1,"v2,v3,v4,v5,v9,v11,v13",NA,NA,NA,NA,NA,NA,WLSMV,0.996431156,0.994646734,0.072218978,0.065603174,7
F1,"v2,v3,v4,v5,v9,v13",WLSMV,0.992804258,0.988007097,0.078509427,0.056090351,6,MLR,0.985818833,0.976364722,0.060999653,0.031727764,6
F1,"v2,v3,v4,v5,v9,v13,v55",MLR,0.945452362,0.918178543,0.079890677,0.044965167,7,WLSMV,0.996419809,0.994629714,0.075388702,0.059872225,7
F1,"v2,v3,v4,v5,v9,v13,v55",WLSMV,0.992162226,0.98824334,0.067631662,0.054382006,7,WLSMV,0.996419809,0.994629714,0.075388702,0.059872225,7
F1,"v2,v3,v4,v5,v9,v55",WLSMV,0.993206157,0.988676929,0.077442759,0.05233096,6,WLSMV,0.999726843,0.999544739,0.025686479,0.036415121,6
F1,"v2,v3,v4,v5,v9,v55",WLSMV,0.993206157,0.988676929,0.077442759,0.05233096,6,MLR,0.984136111,0.973560185,0.066993542,0.033056173,6
F1,"v2,v3,v4,v55",NA,NA,NA,NA,NA,NA,MLR,0.99427408,0.982822239,0.067448526,0.025390582,4
F1,"v2,v3,v4,v55",NA,NA,NA,NA,NA,NA,WLSMV,0.999516057,0.998548172,0.055523994,0.026272139,4
F1,"v2,v3,v4,v9",NA,NA,NA,NA,NA,NA,WLSMV,0.999327487,0.997982462,0.061541689,0.041760914,4
F1,"v2,v3,v4,v9,v11",NA,NA,NA,NA,NA,NA,WLSMV,0.997765672,0.995531344,0.072136586,0.05932068,5
F1,"v2,v3,v4,v9,v13",MLR,0.969442911,0.938885822,0.075217762,0.045159146,5,MLR,0.99043773,0.980875461,0.052420338,0.033058821,5
F1,"v2,v3,v4,v9,v13",MLR,0.969442911,0.938885822,0.075217762,0.045159146,5,WLSMV,0.999904934,0.999809868,0.01476055,0.038295622,5
F1,"v2,v3,v4,v9,v13",WLSMV,0.993170418,0.986340837,0.078781989,0.054264717,5,MLR,0.99043773,0.980875461,0.052420338,0.033058821,5
F1,"v2,v3,v4,v9,v13",WLSMV,0.993170418,0.986340837,0.078781989,0.054264717,5,WLSMV,0.999904934,0.999809868,0.01476055,0.038295622,5
F1,"v2,v3,v4,v9,v13,v55",WLSMV,0.991277311,0.985462186,0.06909139,0.054599351,6,NA,NA,NA,NA,NA,NA
F1,"v2,v3,v4,v9,v13,v55",MLR,0.958901426,0.931502377,0.068848172,0.046788344,6,NA,NA,NA,NA,NA,NA
F1,"v2,v3,v4,v9,v55",MLR,0.968729113,0.937458225,0.077843216,0.043353919,5,MLR,0.988144875,0.97628975,0.062029138,0.03456847,5
F1,"v2,v3,v4,v9,v55",MLR,0.968729113,0.937458225,0.077843216,0.043353919,5,WLSMV,0.999283945,0.998567889,0.042938492,0.039236313,5
F1,"v2,v3,v4,v9,v55",WLSMV,0.993368714,0.986737427,0.079247352,0.050324695,5,MLR,0.988144875,0.97628975,0.062029138,0.03456847,5
F1,"v2,v3,v4,v9,v55",WLSMV,0.993368714,0.986737427,0.079247352,0.050324695,5,WLSMV,0.999283945,0.998567889,0.042938492,0.039236313,5
F1,"v2,v3,v5,v10",MLR,0.990298763,0.970896288,0.062028163,0.020903585,4,MLR,0.989934315,0.969802944,0.075235565,0.027533389,4
F1,"v2,v3,v5,v10",MLR,0.990298763,0.970896288,0.062028163,0.020903585,4,WLSMV,0.999490577,0.99847173,0.033425606,0.031181605,4
F1,"v2,v3,v5,v10",WLSMV,0.999425523,0.998276569,0.025734947,0.022589202,4,MLR,0.989934315,0.969802944,0.075235565,0.027533389,4
F1,"v2,v3,v5,v10",WLSMV,0.999425523,0.998276569,0.025734947,0.022589202,4,WLSMV,0.999490577,0.99847173,0.033425606,0.031181605,4
F1,"v2,v3,v5,v10,v11",WLSMV,0.988154165,0.97630833,0.074293745,0.050642053,5,NA,NA,NA,NA,NA,NA
F1,"v2,v3,v5,v10,v11,v55",MLR,0.964739814,0.941233023,0.060381567,0.039726451,6,NA,NA,NA,NA,NA,NA
F1,"v2,v3,v5,v10,v11,v55",WLSMV,0.990766647,0.984611078,0.05265839,0.04632488,6,NA,NA,NA,NA,NA,NA
F1,"v2,v3,v5,v10,v13",NA,NA,NA,NA,NA,NA,WLSMV,0.998073889,0.996147778,0.041996836,0.041135051,5
F1,"v2,v3,v5,v10,v13",NA,NA,NA,NA,NA,NA,MLR,0.984235433,0.968470866,0.060921582,0.036868918,5
F1,"v2,v3,v5,v10,v13,v55",WLSMV,0.989034854,0.981724756,0.059921188,0.049943868,6,NA,NA,NA,NA,NA,NA
F1,"v2,v3,v5,v10,v13,v55",MLR,0.957357917,0.928929862,0.069212311,0.040561015,6,NA,NA,NA,NA,NA,NA
F1,"v2,v3,v5,v10,v55",MLR,0.993446021,0.986892043,0.034456641,0.021463628,5,WLSMV,0.998487328,0.996974655,0.042909753,0.037766418,5
F1,"v2,v3,v5,v10,v55",MLR,0.993446021,0.986892043,0.034456641,0.021463628,5,MLR,0.982870231,0.965740461,0.068635735,0.035205192,5
F1,"v2,v3,v5,v55",MLR,0.9995672,0.9987016,0.012520528,0.0158127,4,MLR,0.998268089,0.994804266,0.03286853,0.017098729,4
F1,"v2,v3,v5,v9",WLSMV,0.998457782,0.995373345,0.038701025,0.02673154,4,MLR,0.995646986,0.986940958,0.048035196,0.022709536,4
F1,"v2,v3,v5,v9",MLR,0.989487697,0.968463091,0.059620164,0.022753339,4,MLR,0.995646986,0.986940958,0.048035196,0.022709536,4
F1,"v2,v3,v5,v9,v11",NA,NA,NA,NA,NA,NA,MLR,0.980562954,0.961125909,0.067699157,0.042966285,5
F1,"v2,v3,v5,v9,v11",NA,NA,NA,NA,NA,NA,WLSMV,0.997311583,0.994623165,0.049537159,0.049219636,5
F1,"v2,v3,v5,v9,v13",WLSMV,0.993134688,0.986269376,0.053644536,0.043991388,5,NA,NA,NA,NA,NA,NA
F1,"v2,v3,v5,v9,v13",MLR,0.973163802,0.946327604,0.063203079,0.035373074,5,NA,NA,NA,NA,NA,NA
F1,"v2,v3,v5,v9,v13,v55",WLSMV,0.9962644,0.993774,0.03195067,0.039744411,6,NA,NA,NA,NA,NA,NA
F1,"v2,v3,v5,v9,v13,v55",MLR,0.980111221,0.966852035,0.043497561,0.032496125,6,NA,NA,NA,NA,NA,NA
F1,"v2,v3,v5,v9,v55",MLR,0.992375712,0.984751425,0.034657109,0.023621251,5,MLR,0.997696655,0.995393311,0.024340586,0.022736993,5
F1,"v2,v3,v5,v9,v55",WLSMV,0.999994733,0.999989467,0.001551376,0.027226249,5,MLR,0.997696655,0.995393311,0.024340586,0.022736993,5
F1,"v2,v3,v9,v11",NA,NA,NA,NA,NA,NA,WLSMV,0.990473494,0.971420481,0.079747701,0.04946082,4
F1,"v2,v3,v9,v13",NA,NA,NA,NA,NA,NA,MLR,0.988984071,0.966952213,0.049113842,0.024524616,4
F1,"v2,v3,v9,v13,v55",WLSMV,0.988428717,0.976857434,0.049077185,0.042811422,5,NA,NA,NA,NA,NA,NA
F1,"v2,v3,v9,v13,v55",MLR,0.963969532,0.927939064,0.056822564,0.034202579,5,NA,NA,NA,NA,NA,NA
F1,"v2,v4,v10,v11,v55",WLSMV,0.978349812,0.956699624,0.066148904,0.047311644,5,NA,NA,NA,NA,NA,NA
F1,"v2,v4,v10,v11,v55",MLR,0.951218154,0.902436308,0.06445277,0.039918451,5,NA,NA,NA,NA,NA,NA
F1,"v2,v4,v10,v13",NA,NA,NA,NA,NA,NA,MLR,0.979153102,0.937459307,0.076261048,0.03116746,4
F1,"v2,v4,v10,v13",NA,NA,NA,NA,NA,NA,WLSMV,0.995799465,0.987398396,0.056280789,0.0356122,4
F1,"v2,v4,v10,v13,v55",WLSMV,0.982870098,0.965740196,0.064396123,0.046702748,5,NA,NA,NA,NA,NA,NA
F1,"v2,v4,v10,v13,v55",MLR,0.957140164,0.914280327,0.065430564,0.036486163,5,NA,NA,NA,NA,NA,NA
F1,"v2,v4,v5,v10",MLR,0.990691032,0.972073095,0.064439499,0.026507153,4,WLSMV,0.999352472,0.998057416,0.049234159,0.0348953,4
F1,"v2,v4,v5,v10",WLSMV,0.997920582,0.993761747,0.056567526,0.029968552,4,WLSMV,0.999352472,0.998057416,0.049234159,0.0348953,4
F1,"v2,v4,v5,v10,v11,v55",WLSMV,0.987444206,0.979073677,0.069475617,0.053280023,6,NA,NA,NA,NA,NA,NA
F1,"v2,v4,v5,v10,v11,v55",MLR,0.953842285,0.923070475,0.072500079,0.045958467,6,NA,NA,NA,NA,NA,NA
F1,"v2,v4,v5,v10,v13",NA,NA,NA,NA,NA,NA,MLR,0.98123193,0.96246386,0.074169379,0.038784635,5
F1,"v2,v4,v5,v10,v13",NA,NA,NA,NA,NA,NA,WLSMV,0.998348646,0.996697292,0.050482512,0.043769409,5
F1,"v2,v4,v5,v10,v13,v55",WLSMV,0.985178676,0.975297794,0.077992315,0.057162689,6,NA,NA,NA,NA,NA,NA
F1,"v2,v4,v5,v10,v55",WLSMV,0.995303836,0.990607672,0.056799097,0.039309885,5,WLSMV,0.997527819,0.995055639,0.067280567,0.043374508,5
F1,"v2,v4,v5,v10,v55",MLR,0.979183311,0.958366621,0.064525508,0.034437051,5,WLSMV,0.997527819,0.995055639,0.067280567,0.043374508,5
F1,"v2,v4,v5,v11",NA,NA,NA,NA,NA,NA,MLR,0.998853707,0.996561122,0.028092163,0.018597337,4
F1,"v2,v4,v5,v11,v55",MLR,0.985939349,0.971878699,0.047725248,0.030332639,5,NA,NA,NA,NA,NA,NA
F1,"v2,v4,v5,v11,v55",WLSMV,0.99669333,0.99338666,0.042663141,0.035569192,5,NA,NA,NA,NA,NA,NA
F1,"v2,v4,v5,v13",NA,NA,NA,NA,NA,NA,MLR,0.996488665,0.989465996,0.048402891,0.016251117,4
F1,"v2,v4,v5,v13,v55",MLR,0.985828751,0.971657502,0.049176955,0.030702032,5,NA,NA,NA,NA,NA,NA
F1,"v2,v4,v5,v13,v55",WLSMV,0.996396581,0.992793162,0.045529005,0.036416511,5,NA,NA,NA,NA,NA,NA
F1,"v2,v4,v5,v55",NA,NA,NA,NA,NA,NA,WLSMV,0.998810585,0.996431756,0.071647538,0.029210547,4
F1,"v2,v4,v5,v9",WLSMV,0.995878689,0.987636068,0.073537354,0.038382782,4,WLSMV,0.999365642,0.998096925,0.047942028,0.037004953,4
F1,"v2,v4,v5,v9,v11",NA,NA,NA,NA,NA,NA,WLSMV,0.997070278,0.994140556,0.066845392,0.05616738,5
F1,"v2,v4,v5,v9,v13",MLR,0.964557646,0.929115291,0.076677565,0.042195675,5,MLR,0.985400228,0.970800457,0.063480061,0.032036131,5
F1,"v2,v4,v5,v9,v13",MLR,0.964557646,0.929115291,0.076677565,0.042195675,5,WLSMV,0.999916492,0.999832985,0.011139645,0.037045387,5
F1,"v2,v4,v5,v9,v13",WLSMV,0.991437461,0.982874922,0.068845229,0.050669087,5,MLR,0.985400228,0.970800457,0.063480061,0.032036131,5
F1,"v2,v4,v5,v9,v13",WLSMV,0.991437461,0.982874922,0.068845229,0.050669087,5,WLSMV,0.999916492,0.999832985,0.011139645,0.037045387,5
F1,"v2,v4,v5,v9,v13,v55",WLSMV,0.988878877,0.981464796,0.062051931,0.051932901,6,NA,NA,NA,NA,NA,NA
F1,"v2,v4,v5,v9,v13,v55",MLR,0.952780341,0.921300568,0.070167354,0.044307793,6,NA,NA,NA,NA,NA,NA
F1,"v2,v4,v5,v9,v55",WLSMV,0.991920183,0.983840365,0.069063421,0.046962405,5,MLR,0.981941486,0.963882972,0.075008133,0.034223562,5
F1,"v2,v4,v5,v9,v55",WLSMV,0.991920183,0.983840365,0.069063421,0.046962405,5,WLSMV,0.998775014,0.997550028,0.046419053,0.037832285,5
F1,"v2,v4,v9,v13",NA,NA,NA,NA,NA,NA,WLSMV,0.996110289,0.988330867,0.049815467,0.036453214,4
F1,"v2,v4,v9,v13,v55",MLR,0.965819975,0.93163995,0.048936424,0.032628756,5,NA,NA,NA,NA,NA,NA
F1,"v2,v4,v9,v13,v55",WLSMV,0.98872074,0.977441481,0.042530644,0.040320301,5,NA,NA,NA,NA,NA,NA
F1,"v2,v4,v9,v55",NA,NA,NA,NA,NA,NA,MLR,0.995049387,0.985148161,0.039919123,0.020843168,4
F1,"v2,v5,v10,v11,v55",WLSMV,0.973425025,0.94685005,0.072512221,0.050475749,5,NA,NA,NA,NA,NA,NA
F1,"v2,v5,v10,v13",NA,NA,NA,NA,NA,NA,MLR,0.982507541,0.947522622,0.067355824,0.033390608,4
F1,"v2,v5,v10,v13",NA,NA,NA,NA,NA,NA,WLSMV,0.993400548,0.980201643,0.063769883,0.037378413,4
F1,"v2,v5,v10,v13,v55",MLR,0.953087286,0.906174572,0.072438319,0.038754522,5,NA,NA,NA,NA,NA,NA
F1,"v2,v5,v10,v13,v55",WLSMV,0.978341188,0.956682375,0.071220224,0.050208075,5,NA,NA,NA,NA,NA,NA
F1,"v2,v5,v10,v55",NA,NA,NA,NA,NA,NA,MLR,0.997764006,0.993292017,0.027859259,0.021465235,4
F1,"v2,v5,v9,v11",NA,NA,NA,NA,NA,NA,WLSMV,0.992064435,0.976193304,0.069755212,0.04498097,4
F1,"v2,v5,v9,v13",WLSMV,0.984016325,0.952048975,0.065704986,0.039479185,4,NA,NA,NA,NA,NA,NA
F1,"v2,v5,v9,v13",MLR,0.974422805,0.923268416,0.062215223,0.030888354,4,NA,NA,NA,NA,NA,NA
F1,"v2,v5,v9,v13,v55",MLR,0.991299606,0.982599212,0.026529658,0.027093513,5,NA,NA,NA,NA,NA,NA
F1,"v2,v5,v9,v13,v55",WLSMV,0.99543477,0.99086954,0.026876869,0.034664115,5,NA,NA,NA,NA,NA,NA
F1,"v2,v9,v10,v11",NA,NA,NA,NA,NA,NA,WLSMV,0.993523988,0.980571965,0.069762528,0.042605324,4
F1,"v2,v9,v10,v13",NA,NA,NA,NA,NA,NA,MLR,0.997616245,0.992848736,0.024800339,0.025837855,4
F1,"v2,v9,v10,v13",NA,NA,NA,NA,NA,NA,WLSMV,0.997999578,0.993998733,0.036203512,0.031832379,4
F1,"v2,v9,v11,v13",NA,NA,NA,NA,NA,NA,MLR,0.985528353,0.956585058,0.041082953,0.027125331,4
F1,"v2,v9,v11,v13",NA,NA,NA,NA,NA,NA,WLSMV,0.986990567,0.960971701,0.051613698,0.037288409,4
F1,"v2,v9,v11,v13,v55",NA,NA,NA,NA,NA,NA,WLSMV,0.987735165,0.975470331,0.063747071,0.052817996,5
F1,"v2,v9,v13,v55",WLSMV,0.976172271,0.928516812,0.06009329,0.036988869,4,NA,NA,NA,NA,NA,NA
F1,"v3,v10,v11,v13,v55",NA,NA,NA,NA,NA,NA,MLR,0.992251218,0.984502436,0.033844584,0.025795268,5
F1,"v3,v10,v11,v55",NA,NA,NA,NA,NA,NA,WLSMV,0.995881268,0.987643805,0.057225627,0.036268824,4
F1,"v3,v10,v13,v55",WLSMV,0.979762889,0.939288667,0.072870882,0.03804875,4,NA,NA,NA,NA,NA,NA
F1,"v3,v10,v13,v55",MLR,0.967026707,0.901080122,0.068396204,0.029453299,4,NA,NA,NA,NA,NA,NA
F1,"v3,v4,v10,v11,v55",WLSMV,0.992639549,0.985279099,0.077017161,0.051728791,5,NA,NA,NA,NA,NA,NA
F1,"v3,v4,v10,v11,v55",MLR,0.965043905,0.93008781,0.075237482,0.044924514,5,NA,NA,NA,NA,NA,NA
F1,"v3,v4,v10,v13",NA,NA,NA,NA,NA,NA,MLR,0.992045851,0.976137554,0.065755721,0.036107669,4
F1,"v3,v4,v10,v13",NA,NA,NA,NA,NA,NA,WLSMV,0.998937215,0.996811644,0.071196035,0.039574698,4
F1,"v3,v4,v10,v55",MLR,0.994368455,0.983105364,0.047098889,0.023888594,4,NA,NA,NA,NA,NA,NA
F1,"v3,v4,v10,v55",WLSMV,0.999290959,0.997872876,0.037680826,0.025748756,4,NA,NA,NA,NA,NA,NA
F1,"v3,v4,v5,v10",WLSMV,0.998755802,0.996267406,0.064803023,0.030352498,4,NA,NA,NA,NA,NA,NA
F1,"v3,v4,v5,v10,v11,v55",MLR,0.967193756,0.945322927,0.071293114,0.042733627,6,NA,NA,NA,NA,NA,NA
F1,"v3,v4,v5,v10,v11,v55",WLSMV,0.994882823,0.991471372,0.063620947,0.049782287,6,NA,NA,NA,NA,NA,NA
F1,"v3,v4,v5,v10,v13",NA,NA,NA,NA,NA,NA,MLR,0.998095635,0.99619127,0.027355162,0.030945319,5
F1,"v3,v4,v5,v10,v13",NA,NA,NA,NA,NA,NA,WLSMV,0.999870662,0.999741324,0.021045897,0.03498145,5
F1,"v3,v4,v5,v10,v13,v55",WLSMV,0.992567248,0.98761208,0.078162337,0.056523973,6,NA,NA,NA,NA,NA,NA
F1,"v3,v4,v5,v10,v55",MLR,0.985875911,0.971751821,0.062199109,0.028435882,5,WLSMV,0.999629438,0.999258875,0.037219345,0.036573183,5
F1,"v3,v4,v5,v10,v55",MLR,0.985875911,0.971751821,0.062199109,0.028435882,5,MLR,0.993949152,0.987898304,0.050868699,0.034091848,5
F1,"v3,v4,v5,v10,v55",WLSMV,0.998749005,0.99749801,0.042127213,0.03216696,5,WLSMV,0.999629438,0.999258875,0.037219345,0.036573183,5
F1,"v3,v4,v5,v10,v55",WLSMV,0.998749005,0.99749801,0.042127213,0.03216696,5,MLR,0.993949152,0.987898304,0.050868699,0.034091848,5
F1,"v3,v4,v5,v13",MLR,0.99806323,0.99418969,0.033615448,0.015224369,4,NA,NA,NA,NA,NA,NA
F1,"v3,v4,v5,v13,v55",MLR,0.996887746,0.993775492,0.027966128,0.020483394,5,NA,NA,NA,NA,NA,NA
F1,"v3,v4,v5,v55",MLR,0.997843701,0.993531104,0.036046968,0.014803078,4,NA,NA,NA,NA,NA,NA
F1,"v3,v4,v5,v9",WLSMV,0.998353425,0.995060275,0.071880057,0.038270372,4,MLR,0.997768205,0.993304616,0.04520559,0.017733887,4
F1,"v3,v4,v5,v9,v11",NA,NA,NA,NA,NA,NA,MLR,0.984871927,0.969743854,0.076883435,0.047167975,5
F1,"v3,v4,v5,v9,v11",NA,NA,NA,NA,NA,NA,WLSMV,0.999057892,0.998115784,0.056649989,0.052733776,5
F1,"v3,v4,v5,v9,v13",WLSMV,0.995681728,0.991363456,0.074721315,0.05356233,5,MLR,0.998367141,0.996734282,0.024844121,0.023754133,5
F1,"v3,v4,v5,v9,v13,v55",MLR,0.966657959,0.944429932,0.070191164,0.042330638,6,NA,NA,NA,NA,NA,NA
F1,"v3,v4,v5,v9,v13,v55",WLSMV,0.995797061,0.992995102,0.056346393,0.049818166,6,NA,NA,NA,NA,NA,NA
F1,"v3,v4,v5,v9,v55",WLSMV,0.998071848,0.996143695,0.05040623,0.039842836,5,NA,NA,NA,NA,NA,NA
F1,"v3,v4,v5,v9,v55",MLR,0.97782615,0.955652301,0.074766106,0.034286455,5,NA,NA,NA,NA,NA,NA
F1,"v3,v4,v9,v13",NA,NA,NA,NA,NA,NA,MLR,0.999533922,0.998601765,0.015290526,0.022624524,4
F1,"v3,v4,v9,v13,v55",WLSMV,0.99441115,0.988822299,0.065551847,0.049788291,5,NA,NA,NA,NA,NA,NA
F1,"v3,v4,v9,v13,v55",MLR,0.97464291,0.949285821,0.062120867,0.042522675,5,NA,NA,NA,NA,NA,NA
F1,"v3,v4,v9,v55",MLR,0.993823479,0.981470438,0.04614515,0.027142981,4,NA,NA,NA,NA,NA,NA
F1,"v3,v4,v9,v55",WLSMV,0.99893445,0.99680335,0.044215758,0.030267562,4,NA,NA,NA,NA,NA,NA
F1,"v3,v5,v10,v11,v55",WLSMV,0.981864023,0.963728047,0.076073243,0.051986508,5,NA,NA,NA,NA,NA,NA
F1,"v3,v5,v10,v13",NA,NA,NA,NA,NA,NA,MLR,0.981912244,0.945736732,0.07928672,0.038185711,4
F1,"v3,v5,v10,v13",NA,NA,NA,NA,NA,NA,WLSMV,0.995149138,0.985447415,0.078959438,0.042322581,4
F1,"v3,v5,v10,v13,v55",WLSMV,0.984106489,0.968212977,0.07610341,0.051400547,5,NA,NA,NA,NA,NA,NA
F1,"v3,v5,v10,v55",MLR,0.99552613,0.98657839,0.036109977,0.017950123,4,WLSMV,0.996593266,0.989779798,0.07909075,0.040982107,4
F1,"v3,v5,v9,v13",NA,NA,NA,NA,NA,NA,MLR,0.999763117,0.99928935,0.008654276,0.021141487,4
F1,"v3,v5,v9,v13,v55",WLSMV,0.992568394,0.985136787,0.045956449,0.04059722,5,NA,NA,NA,NA,NA,NA
F1,"v3,v5,v9,v13,v55",MLR,0.972071713,0.944143426,0.055202447,0.033680926,5,NA,NA,NA,NA,NA,NA
F1,"v3,v5,v9,v55",MLR,0.990290187,0.970870561,0.048014398,0.021879422,4,NA,NA,NA,NA,NA,NA
F1,"v3,v5,v9,v55",WLSMV,0.998532676,0.995598029,0.030426164,0.025731458,4,NA,NA,NA,NA,NA,NA
F1,"v3,v9,v10,v13",WLSMV,0.989268594,0.967805782,0.078028816,0.04361744,4,NA,NA,NA,NA,NA,NA
F1,"v3,v9,v11,v13,v55",NA,NA,NA,NA,NA,NA,MLR,0.977095037,0.954190073,0.054573091,0.032456755,5
F1,"v3,v9,v11,v13,v55",NA,NA,NA,NA,NA,NA,WLSMV,0.997835136,0.995670272,0.027861251,0.040021769,5
F1,"v3,v9,v11,v55",NA,NA,NA,NA,NA,NA,WLSMV,0.991320929,0.973962787,0.076213635,0.046303396,4
F1,"v3,v9,v13,v55",MLR,0.972767298,0.918301894,0.048939003,0.025719936,4,MLR,0.997352218,0.992056654,0.021016028,0.022165724,4
F1,"v3,v9,v13,v55",WLSMV,0.981004772,0.943014315,0.0527316,0.03302973,4,MLR,0.997352218,0.992056654,0.021016028,0.022165724,4
F1,"v4,v10,v11,v13",NA,NA,NA,NA,NA,NA,MLR,0.999219644,0.997658932,0.011975811,0.019647029,4
F1,"v4,v10,v11,v13,v55",NA,NA,NA,NA,NA,NA,MLR,0.986823268,0.973646537,0.045797829,0.027816238,5
F1,"v4,v10,v11,v55",NA,NA,NA,NA,NA,NA,WLSMV,0.994987074,0.984961222,0.064170844,0.037352668,4
F1,"v4,v10,v13,v55",MLR,0.973937676,0.921813028,0.06037722,0.027074988,4,MLR,0.996303603,0.98891081,0.029484991,0.020413956,4
F1,"v4,v10,v13,v55",WLSMV,0.986498154,0.959494462,0.062249017,0.033465931,4,MLR,0.996303603,0.98891081,0.029484991,0.020413956,4
F1,"v4,v5,v10,v11,v55",MLR,0.960738469,0.921476937,0.077428081,0.04477003,5,NA,NA,NA,NA,NA,NA
F1,"v4,v5,v10,v11,v55",WLSMV,0.988692416,0.977384832,0.075948953,0.05160271,5,NA,NA,NA,NA,NA,NA
F1,"v4,v5,v10,v13",NA,NA,NA,NA,NA,NA,MLR,0.988656975,0.965970925,0.076028654,0.036294761,4
F1,"v4,v5,v10,v13",NA,NA,NA,NA,NA,NA,WLSMV,0.998011693,0.994035079,0.074932055,0.04071714,4
F1,"v4,v5,v10,v55",MLR,0.998244543,0.994733629,0.025422125,0.018836559,4,NA,NA,NA,NA,NA,NA
F1,"v4,v5,v9,v13",NA,NA,NA,NA,NA,NA,WLSMV,0.99975621,0.99926863,0.025734008,0.030079744,4
F1,"v4,v5,v9,v13,v55",MLR,0.956996321,0.913992642,0.076930769,0.042949577,5,NA,NA,NA,NA,NA,NA
F1,"v4,v5,v9,v13,v55",WLSMV,0.990374928,0.980749857,0.066185591,0.050361935,5,NA,NA,NA,NA,NA,NA
F1,"v4,v5,v9,v55",MLR,0.979744633,0.939233898,0.079755636,0.029981041,4,MLR,0.99601293,0.988038791,0.046554335,0.018967763,4
F1,"v4,v5,v9,v55",WLSMV,0.997329161,0.991987484,0.053290181,0.033299734,4,MLR,0.99601293,0.988038791,0.046554335,0.018967763,4
F1,"v4,v9,v10,v13",MLR,0.97906357,0.93719071,0.073759388,0.033498168,4,NA,NA,NA,NA,NA,NA
F1,"v4,v9,v10,v13",WLSMV,0.993278006,0.979834017,0.063073119,0.03545174,4,NA,NA,NA,NA,NA,NA
F1,"v4,v9,v11,v13,v55",NA,NA,NA,NA,NA,NA,MLR,0.985126549,0.970253099,0.045107315,0.029980099,5
F1,"v4,v9,v11,v55",NA,NA,NA,NA,NA,NA,WLSMV,0.992738876,0.978216627,0.069463948,0.043729318,4
F1,"v4,v9,v13,v55",WLSMV,0.975488464,0.926465391,0.055565058,0.034321846,4,NA,NA,NA,NA,NA,NA
F1,"v5,v10,v11,v13,v55",NA,NA,NA,NA,NA,NA,WLSMV,0.998818545,0.997637089,0.021983016,0.035022591,5
F1,"v5,v10,v11,v13,v55",NA,NA,NA,NA,NA,NA,MLR,0.988199099,0.976398198,0.041150628,0.028422817,5
F1,"v5,v10,v11,v55",NA,NA,NA,NA,NA,NA,WLSMV,0.994887628,0.984662885,0.063090155,0.036968385,4
F1,"v5,v10,v13,v55",MLR,0.973527145,0.920581435,0.063885982,0.02701063,4,WLSMV,0.996252361,0.988757082,0.045882821,0.032167603,4
F1,"v5,v10,v13,v55",MLR,0.973527145,0.920581435,0.063885982,0.02701063,4,MLR,0.982252519,0.946757558,0.058961776,0.027768843,4
F1,"v5,v10,v13,v55",WLSMV,0.988182877,0.964548632,0.058393457,0.034902985,4,WLSMV,0.996252361,0.988757082,0.045882821,0.032167603,4
F1,"v5,v10,v13,v55",WLSMV,0.988182877,0.964548632,0.058393457,0.034902985,4,MLR,0.982252519,0.946757558,0.058961776,0.027768843,4
F1,"v5,v9,v10,v13",NA,NA,NA,NA,NA,NA,MLR,0.982054486,0.946163459,0.066628605,0.036607658,4
F1,"v5,v9,v10,v13",NA,NA,NA,NA,NA,NA,WLSMV,0.99142931,0.974287929,0.074075613,0.042251018,4
F1,"v5,v9,v10,v13,v55",MLR,0.965699842,0.931399684,0.065322731,0.039432674,5,NA,NA,NA,NA,NA,NA
F1,"v5,v9,v10,v13,v55",WLSMV,0.9882258,0.9764516,0.058372326,0.044384189,5,NA,NA,NA,NA,NA,NA
F1,"v5,v9,v11,v13",NA,NA,NA,NA,NA,NA,WLSMV,0.999344085,0.998032255,0.011583928,0.027422701,4
F1,"v5,v9,v11,v13,v55",NA,NA,NA,NA,NA,NA,MLR,0.970324669,0.940649338,0.060906944,0.034853973,5
F1,"v5,v9,v11,v13,v55",NA,NA,NA,NA,NA,NA,WLSMV,0.993867213,0.987734425,0.046276508,0.044388781,5
F1,"v5,v9,v13,v55",WLSMV,0.999675598,0.999026793,0.006784665,0.023456964,4,WLSMV,0.988657818,0.965973455,0.071579628,0.041331155,4
F1,"v9,v10,v11,v55",WLSMV,0.985721501,0.957164503,0.079432636,0.043081998,4,NA,NA,NA,NA,NA,NA
F1,"v9,v11,v13,v55",NA,NA,NA,NA,NA,NA,MLR,0.977293835,0.931881506,0.072411495,0.028937584,4
F1,"v9,v11,v13,v55",NA,NA,NA,NA,NA,NA,WLSMV,0.996804998,0.990414995,0.040328134,0.034317339,4
F2,"v14,v16,v18,v20",WLSMV,0.996676533,0.990029598,0.062050277,0.03317098,4,NA,NA,NA,NA,NA,NA
F2,"v14,v16,v18,v20",MLR,0.983056533,0.949169599,0.073409553,0.031469588,4,NA,NA,NA,NA,NA,NA
F2,"v14,v16,v19,v20",NA,NA,NA,NA,NA,NA,WLSMV,0.999238309,0.997714926,0.078350424,0.045224249,4
F2,"v14,v18,v19,v20",NA,NA,NA,NA,NA,NA,MLR,0.99968525,0.99905575,0.015568458,0.01722325,4
F2,"v15,v16,v18,v19",MLR,0.986846484,0.960539452,0.066579267,0.032816,4,NA,NA,NA,NA,NA,NA
F2,"v15,v16,v18,v19",WLSMV,0.997576322,0.992728966,0.054708267,0.035164389,4,NA,NA,NA,NA,NA,NA
F2,"v15,v16,v19,v20",NA,NA,NA,NA,NA,NA,WLSMV,0.999380776,0.998142327,0.070795529,0.041324002,4
F2,"v15,v18,v19,v20",NA,NA,NA,NA,NA,NA,MLR,0.999907834,0.999723501,0.008498843,0.012475825,4
F3,"v21,v22,v23,v24",MLR,0.990455919,0.971367756,0.065998551,0.025147163,4,NA,NA,NA,NA,NA,NA
F3,"v21,v22,v23,v24",WLSMV,0.997343758,0.992031273,0.067870093,0.028848002,4,NA,NA,NA,NA,NA,NA
F4,"v26,v27,v28,v30",NA,NA,NA,NA,NA,NA,WLSMV,0.999873354,0.999620061,0.027310517,0.015440381,4
F4,"v26,v27,v28,v30",NA,NA,NA,NA,NA,NA,MLR,0.99496537,0.984896109,0.066276561,0.016413708,4
F4,"v26,v27,v28,v30,v31",NA,NA,NA,NA,NA,NA,MLR,0.997939988,0.995879976,0.027918609,0.018346235,5
F4,"v26,v27,v29,v30,v31",NA,NA,NA,NA,NA,NA,WLSMV,0.998474406,0.996948811,0.071768363,0.031731043,5
F4,"v26,v27,v29,v31",MLR,0.990971566,0.972914698,0.068827848,0.024040639,4,NA,NA,NA,NA,NA,NA
F4,"v26,v27,v29,v31",WLSMV,0.998979508,0.996938525,0.052574166,0.027050346,4,NA,NA,NA,NA,NA,NA
F4,"v26,v28,v29,v30,v31",MLR,0.995674771,0.991349542,0.038323769,0.018669241,5,NA,NA,NA,NA,NA,NA
F4,"v26,v28,v30,v31",WLSMV,0.999378366,0.998135098,0.039598827,0.022652791,4,MLR,0.999647828,0.998943483,0.014581321,0.016115153,4
F4,"v26,v28,v30,v31",MLR,0.98824822,0.964744659,0.079828851,0.021795895,4,MLR,0.999647828,0.998943483,0.014581321,0.016115153,4
F4,"v26,v29,v30,v31",NA,NA,NA,NA,NA,NA,WLSMV,0.999496268,0.998488803,0.050267919,0.02886828,4
F4,"v26,v29,v30,v31",NA,NA,NA,NA,NA,NA,MLR,0.993751568,0.981254705,0.069006826,0.022735451,4
F4,"v27,v28,v29,v30",MLR,0.996146635,0.988439905,0.054505261,0.0148035,4,NA,NA,NA,NA,NA,NA
F4,"v27,v28,v29,v30,v31",MLR,0.990925258,0.981850516,0.056132496,0.021428101,5,NA,NA,NA,NA,NA,NA
F4,"v27,v28,v29,v30,v31",WLSMV,0.999682576,0.999365152,0.025264847,0.023786121,5,NA,NA,NA,NA,NA,NA
F4,"v27,v28,v30,v31",MLR,0.988896207,0.96668862,0.077640975,0.021661796,4,MLR,0.997521549,0.992564648,0.037527008,0.019092707,4
F4,"v27,v28,v30,v31",WLSMV,0.999440537,0.998321611,0.037854333,0.022538612,4,MLR,0.997521549,0.992564648,0.037527008,0.019092707,4
F4,"v27,v29,v30,v31",MLR,0.995528708,0.986586125,0.048819143,0.016718471,4,WLSMV,0.999064791,0.997194373,0.062680396,0.031365205,4
F4,"v27,v29,v30,v31",MLR,0.995528708,0.986586125,0.048819143,0.016718471,4,MLR,0.992439095,0.977317286,0.073599035,0.025770795,4
F4,"v28,v29,v30,v31",WLSMV,0.999044251,0.997132753,0.057240296,0.0270361,4,WLSMV,0.99970874,0.999126219,0.038417247,0.025122164,4
F4,"v28,v29,v30,v31",WLSMV,0.999044251,0.997132753,0.057240296,0.0270361,4,MLR,0.993080122,0.979240367,0.074909933,0.022568169,4
F4,"v28,v29,v30,v31",MLR,0.992415575,0.977246725,0.069603939,0.019835204,4,WLSMV,0.99970874,0.999126219,0.038417247,0.025122164,4
F4,"v28,v29,v30,v31",MLR,0.992415575,0.977246725,0.069603939,0.019835204,4,MLR,0.993080122,0.979240367,0.074909933,0.022568169,4
F5,"v32,v35,v36,v38",NA,NA,NA,NA,NA,NA,MLR,0.999179245,0.997537734,0.032469044,0.011405727,4
F5,"v32,v35,v36,v38,v39,v44",NA,NA,NA,NA,NA,NA,WLSMV,0.998735508,0.997892513,0.074463789,0.036059493,6
F5,"v32,v35,v36,v38,v43",WLSMV,0.998567689,0.997135378,0.074870011,0.044596064,5,WLSMV,0.99947238,0.99894476,0.056759956,0.036052871,5
F5,"v32,v35,v36,v38,v44",WLSMV,0.998656203,0.997312406,0.076522561,0.037105205,5,WLSMV,0.999786909,0.999573818,0.037911243,0.025504484,5
F5,"v32,v35,v36,v39,v41",WLSMV,0.998526838,0.997053675,0.075379765,0.043382477,5,NA,NA,NA,NA,NA,NA
F5,"v32,v35,v36,v39,v41",MLR,0.985790008,0.971580016,0.077860198,0.038891148,5,NA,NA,NA,NA,NA,NA
F5,"v32,v35,v36,v39,v43",WLSMV,0.99927308,0.998546161,0.052073427,0.035412285,5,WLSMV,0.999449698,0.998899396,0.057591037,0.028605042,5
F5,"v32,v35,v36,v39,v43",MLR,0.993193393,0.986386787,0.052313534,0.030522747,5,WLSMV,0.999449698,0.998899396,0.057591037,0.028605042,5
F5,"v32,v35,v36,v39,v44",MLR,0.987555385,0.97511077,0.075608218,0.03224646,5,WLSMV,0.999335036,0.998670073,0.066497367,0.02934916,5
F5,"v32,v35,v36,v39,v44",WLSMV,0.998744928,0.997489856,0.072109504,0.035936074,5,WLSMV,0.999335036,0.998670073,0.066497367,0.02934916,5
F5,"v32,v35,v36,v40",NA,NA,NA,NA,NA,NA,WLSMV,0.999937857,0.99981357,0.028857575,0.019003474,4
F5,"v32,v35,v36,v40,v43",NA,NA,NA,NA,NA,NA,WLSMV,0.999188969,0.998377938,0.068036418,0.039580893,5
F5,"v32,v35,v36,v40,v44",WLSMV,0.998661598,0.997323195,0.074110079,0.038401583,5,WLSMV,0.999638197,0.999276394,0.047800185,0.02794859,5
F5,"v32,v35,v36,v41",NA,NA,NA,NA,NA,NA,MLR,0.997240936,0.991722808,0.058265381,0.013450791,4
F5,"v32,v35,v36,v43",MLR,0.999818776,0.999456327,0.012558898,0.011055408,4,MLR,0.998303648,0.994910943,0.043919425,0.013594827,4
F5,"v32,v35,v36,v44",WLSMV,0.999769479,0.999308436,0.04643562,0.020722928,4,WLSMV,0.999860736,0.999582207,0.044668057,0.019396391,4
F5,"v32,v35,v36,v44",MLR,0.997601774,0.992805321,0.049030888,0.012529284,4,WLSMV,0.999860736,0.999582207,0.044668057,0.019396391,4
F5,"v32,v35,v38,v39,v41",NA,NA,NA,NA,NA,NA,WLSMV,0.998127776,0.996255552,0.071206265,0.031093355,5
F5,"v32,v35,v38,v39,v41,v44",NA,NA,NA,NA,NA,NA,WLSMV,0.997904903,0.996508172,0.067463993,0.035722219,6
F5,"v32,v35,v38,v39,v43",NA,NA,NA,NA,NA,NA,WLSMV,0.998010257,0.996020513,0.066422949,0.034698932,5
F5,"v32,v35,v38,v39,v44",NA,NA,NA,NA,NA,NA,WLSMV,0.998884753,0.997769507,0.055822631,0.028819664,5
F5,"v32,v35,v38,v41,v44",NA,NA,NA,NA,NA,NA,WLSMV,0.997952322,0.995904644,0.076773763,0.034152808,5
F5,"v32,v35,v38,v44",NA,NA,NA,NA,NA,NA,MLR,0.99330534,0.979916019,0.075078732,0.017718464,4
F5,"v32,v35,v39,v41",NA,NA,NA,NA,NA,NA,WLSMV,0.998699544,0.996098631,0.07560635,0.026835,4
F5,"v32,v35,v39,v43",WLSMV,0.997977828,0.993933483,0.070799781,0.033816347,4,WLSMV,0.999290147,0.997870442,0.050073292,0.024964009,4
F5,"v32,v35,v39,v43",MLR,0.988519264,0.965557791,0.07452986,0.031552102,4,WLSMV,0.999290147,0.997870442,0.050073292,0.024964009,4
F5,"v32,v35,v39,v44",NA,NA,NA,NA,NA,NA,WLSMV,0.999160185,0.997480555,0.062927102,0.024399146,4
F5,"v32,v36,v38,v39,v44",NA,NA,NA,NA,NA,NA,WLSMV,0.999212236,0.998424471,0.055972713,0.027763265,5
F5,"v32,v36,v38,v44",NA,NA,NA,NA,NA,NA,WLSMV,0.99969172,0.999075161,0.048324614,0.022071827,4
F5,"v32,v36,v39,v43",NA,NA,NA,NA,NA,NA,MLR,0.993510381,0.980531142,0.071031845,0.019539362,4
F5,"v32,v36,v39,v43",NA,NA,NA,NA,NA,NA,WLSMV,0.999880828,0.999642483,0.028017231,0.022089819,4
F5,"v32,v36,v39,v44",NA,NA,NA,NA,NA,NA,MLR,0.993498894,0.980496681,0.076866671,0.018906014,4
F5,"v32,v36,v40,v44",NA,NA,NA,NA,NA,NA,WLSMV,0.999619917,0.998859751,0.05070986,0.023407243,4
F5,"v32,v38,v39,v40,v41",WLSMV,0.998353614,0.996707227,0.047701843,0.027688142,5,WLSMV,0.998359675,0.996719351,0.063846269,0.030112275,5
F5,"v32,v38,v39,v40,v41",MLR,0.991206391,0.982412781,0.051746455,0.021656357,5,WLSMV,0.998359675,0.996719351,0.063846269,0.030112275,5
F5,"v32,v38,v39,v40,v41,v43",NA,NA,NA,NA,NA,NA,WLSMV,0.997763118,0.996271864,0.060358217,0.036305986,6
F5,"v32,v38,v39,v40,v41,v44",WLSMV,0.997922457,0.996537429,0.047502063,0.032972249,6,WLSMV,0.997277926,0.995463209,0.072097996,0.038143201,6
F5,"v32,v38,v39,v40,v41,v44",MLR,0.984411439,0.974019066,0.05768734,0.02752214,6,WLSMV,0.997277926,0.995463209,0.072097996,0.038143201,6
F5,"v32,v38,v39,v40,v43",NA,NA,NA,NA,NA,NA,MLR,0.986851462,0.973702924,0.066157356,0.025630896,5
F5,"v32,v38,v39,v40,v43",NA,NA,NA,NA,NA,NA,WLSMV,0.999023523,0.998047046,0.040779732,0.02678867,5
F5,"v32,v38,v39,v40,v44",MLR,0.995543499,0.991086997,0.037314174,0.020742119,5,WLSMV,0.998376505,0.99675301,0.057974311,0.030956462,5
F5,"v32,v38,v39,v40,v44",MLR,0.995543499,0.991086997,0.037314174,0.020742119,5,MLR,0.983671191,0.967342381,0.078480764,0.026626881,5
F5,"v32,v38,v39,v40,v44",WLSMV,0.99973223,0.999464459,0.019603884,0.023090287,5,WLSMV,0.998376505,0.99675301,0.057974311,0.030956462,5
F5,"v32,v38,v39,v40,v44",WLSMV,0.99973223,0.999464459,0.019603884,0.023090287,5,MLR,0.983671191,0.967342381,0.078480764,0.026626881,5
F5,"v32,v38,v39,v41",NA,NA,NA,NA,NA,NA,MLR,0.998330435,0.994991304,0.033654732,0.014366331,4
F5,"v32,v38,v39,v41,v43",NA,NA,NA,NA,NA,NA,WLSMV,0.997253955,0.99450791,0.069747296,0.037234003,5
F5,"v32,v38,v39,v41,v44",MLR,0.99291181,0.98582362,0.042674769,0.021135395,5,WLSMV,0.999008298,0.998016597,0.046758793,0.027186052,5
F5,"v32,v38,v39,v41,v44",MLR,0.99291181,0.98582362,0.042674769,0.021135395,5,MLR,0.984195747,0.968391494,0.078114136,0.027002875,5
F5,"v32,v38,v39,v41,v44",WLSMV,0.999852744,0.999705487,0.012723319,0.021346309,5,WLSMV,0.999008298,0.998016597,0.046758793,0.027186052,5
F5,"v32,v38,v39,v41,v44",WLSMV,0.999852744,0.999705487,0.012723319,0.021346309,5,MLR,0.984195747,0.968391494,0.078114136,0.027002875,5
F5,"v32,v38,v39,v43",NA,NA,NA,NA,NA,NA,WLSMV,0.999037817,0.997113451,0.048738708,0.025846202,4
F5,"v32,v38,v39,v43",NA,NA,NA,NA,NA,NA,MLR,0.988945842,0.966837525,0.07788036,0.024712493,4
F5,"v32,v38,v39,v44",MLR,0.990840538,0.972521614,0.068015087,0.020885575,4,MLR,0.998168731,0.994506192,0.034857156,0.014712281,4
F5,"v32,v38,v39,v44",WLSMV,0.998671216,0.996013647,0.050846274,0.023028928,4,MLR,0.998168731,0.994506192,0.034857156,0.014712281,4
F5,"v32,v38,v40,v41",WLSMV,0.997439111,0.992317333,0.074281363,0.030180494,4,WLSMV,0.99923068,0.99769204,0.055684151,0.022416303,4
F5,"v32,v38,v40,v41,v43",NA,NA,NA,NA,NA,NA,MLR,0.982972795,0.96594559,0.078378701,0.02652944,5
F5,"v32,v38,v40,v41,v43",NA,NA,NA,NA,NA,NA,WLSMV,0.999084049,0.998168098,0.042821931,0.028472958,5
F5,"v32,v38,v40,v41,v44",WLSMV,0.99648607,0.99297214,0.06852282,0.037056562,5,NA,NA,NA,NA,NA,NA
F5,"v32,v38,v40,v44",MLR,0.99019452,0.970583559,0.074060971,0.02228252,4,NA,NA,NA,NA,NA,NA
F5,"v32,v38,v40,v44",WLSMV,0.998798663,0.996395989,0.051273359,0.02375873,4,NA,NA,NA,NA,NA,NA
F5,"v32,v38,v41,v43",NA,NA,NA,NA,NA,NA,WLSMV,0.998502757,0.99550827,0.062049881,0.027028468,4
F5,"v32,v38,v41,v44",MLR,0.994263657,0.982790972,0.050052938,0.018024827,4,MLR,0.992912337,0.978737011,0.07067238,0.018564103,4
F5,"v32,v38,v41,v44",MLR,0.994263657,0.982790972,0.050052938,0.018024827,4,WLSMV,0.9997671,0.999301301,0.02828614,0.018491235,4
F5,"v32,v39,v40,v41",MLR,0.996854668,0.990564003,0.037261063,0.016766526,4,NA,NA,NA,NA,NA,NA
F5,"v32,v39,v40,v41",WLSMV,0.999423634,0.998270902,0.030059344,0.020080953,4,NA,NA,NA,NA,NA,NA
F5,"v32,v39,v40,v41,v44",MLR,0.979792946,0.959585893,0.071452833,0.028530937,5,NA,NA,NA,NA,NA,NA
F5,"v32,v39,v40,v41,v44",WLSMV,0.996334653,0.992669306,0.062055101,0.035348858,5,NA,NA,NA,NA,NA,NA
F5,"v32,v39,v40,v43",NA,NA,NA,NA,NA,NA,WLSMV,0.999529659,0.998588977,0.031528496,0.023031924,4
F5,"v32,v39,v40,v43",NA,NA,NA,NA,NA,NA,MLR,0.990147684,0.970443052,0.069661311,0.023696179,4
F5,"v32,v39,v40,v44",WLSMV,0.998074662,0.994223986,0.055643178,0.024638051,4,WLSMV,0.998974587,0.99692376,0.053318607,0.024578908,4
F5,"v32,v39,v40,v44",WLSMV,0.998074662,0.994223986,0.055643178,0.024638051,4,MLR,0.991137843,0.97341353,0.07299205,0.020565185,4
F5,"v32,v39,v40,v44",MLR,0.99072582,0.97217746,0.064922984,0.020800005,4,WLSMV,0.998974587,0.99692376,0.053318607,0.024578908,4
F5,"v32,v39,v40,v44",MLR,0.99072582,0.97217746,0.064922984,0.020800005,4,MLR,0.991137843,0.97341353,0.07299205,0.020565185,4
F5,"v32,v39,v41,v44",MLR,0.999979548,0.999938644,0.002715552,0.013369734,4,NA,NA,NA,NA,NA,NA
F5,"v32,v40,v41,v43",NA,NA,NA,NA,NA,NA,MLR,0.999220212,0.997660636,0.021028122,0.014477641,4
F5,"v35,v36,v38,v44",NA,NA,NA,NA,NA,NA,WLSMV,0.999352833,0.998058498,0.078548643,0.028241465,4
F5,"v35,v36,v39,v43",WLSMV,0.998512495,0.995537484,0.078508116,0.035794074,4,MLR,0.997313655,0.991940964,0.047001415,0.019821482,4
F5,"v35,v36,v39,v43",WLSMV,0.998512495,0.995537484,0.078508116,0.035794074,4,WLSMV,0.999927863,0.999783588,0.023805869,0.022123754,4
F5,"v35,v36,v39,v44",NA,NA,NA,NA,NA,NA,WLSMV,0.999628398,0.998885195,0.058324937,0.024303835,4
F5,"v35,v36,v40,v44",NA,NA,NA,NA,NA,NA,WLSMV,0.99939862,0.998195861,0.072141223,0.027563269,4
F5,"v35,v38,v39,v40",NA,NA,NA,NA,NA,NA,MLR,0.995122898,0.985368693,0.056638917,0.01729912,4
F5,"v35,v38,v39,v40",NA,NA,NA,NA,NA,NA,WLSMV,0.999673716,0.999021149,0.032428563,0.019503588,4
F5,"v35,v38,v39,v40,v41",WLSMV,0.998230851,0.996461702,0.05065609,0.029105372,5,MLR,0.988119666,0.976239331,0.068110048,0.023291742,5
F5,"v35,v38,v39,v40,v41",WLSMV,0.998230851,0.996461702,0.05065609,0.029105372,5,WLSMV,0.999618008,0.999236015,0.02982069,0.024673856,5
F5,"v35,v38,v39,v40,v41",MLR,0.989208194,0.978416387,0.058001595,0.022964111,5,MLR,0.988119666,0.976239331,0.068110048,0.023291742,5
F5,"v35,v38,v39,v40,v41",MLR,0.989208194,0.978416387,0.058001595,0.022964111,5,WLSMV,0.999618008,0.999236015,0.02982069,0.024673856,5
F5,"v35,v38,v39,v40,v41,v43",NA,NA,NA,NA,NA,NA,WLSMV,0.99916063,0.998601051,0.036234495,0.031691016,6
F5,"v35,v38,v39,v40,v41,v43",NA,NA,NA,NA,NA,NA,MLR,0.981160344,0.968600574,0.069115798,0.02973518,6
F5,"v35,v38,v39,v40,v41,v44",MLR,0.976186142,0.960310236,0.072563577,0.031470402,6,NA,NA,NA,NA,NA,NA
F5,"v35,v38,v39,v40,v41,v44",WLSMV,0.996233736,0.993722893,0.06600293,0.038514142,6,NA,NA,NA,NA,NA,NA
F5,"v35,v38,v39,v40,v43",NA,NA,NA,NA,NA,NA,WLSMV,0.999868313,0.999736626,0.01463051,0.024904081,5
F5,"v35,v38,v39,v40,v43",NA,NA,NA,NA,NA,NA,MLR,0.993576891,0.987153782,0.045115414,0.02346646,5
F5,"v35,v38,v39,v40,v44",MLR,0.983351134,0.966702268,0.07357028,0.028546298,5,NA,NA,NA,NA,NA,NA
F5,"v35,v38,v39,v40,v44",WLSMV,0.997214299,0.994428597,0.065694283,0.033497096,5,NA,NA,NA,NA,NA,NA
F5,"v35,v38,v39,v41,v43",NA,NA,NA,NA,NA,NA,WLSMV,0.999983178,0.999966356,0.005318348,0.025375803,5
F5,"v35,v38,v39,v41,v43",NA,NA,NA,NA,NA,NA,MLR,0.99319271,0.986385419,0.046740327,0.024561189,5
F5,"v35,v38,v39,v41,v43,v44",NA,NA,NA,NA,NA,NA,WLSMV,0.996868126,0.994780211,0.073205565,0.040778402,6
F5,"v35,v38,v39,v41,v44",WLSMV,0.99875517,0.99751034,0.038959627,0.024662767,5,WLSMV,0.998992049,0.997984099,0.048078652,0.027864031,5
F5,"v35,v38,v39,v41,v44",MLR,0.990188942,0.980377883,0.051710374,0.022208098,5,WLSMV,0.998992049,0.997984099,0.048078652,0.027864031,5
F5,"v35,v38,v39,v43",NA,NA,NA,NA,NA,NA,MLR,0.998822186,0.996466559,0.024536032,0.01675528,4
F5,"v35,v38,v39,v44",NA,NA,NA,NA,NA,NA,WLSMV,0.998225617,0.99467685,0.079065182,0.026878826,4
F5,"v35,v38,v40,v41",WLSMV,0.997574044,0.992722132,0.07383297,0.029056278,4,WLSMV,0.998619822,0.995859467,0.073129553,0.02687375,4
F5,"v35,v38,v40,v41,v43",NA,NA,NA,NA,NA,NA,WLSMV,0.998674907,0.997349813,0.051232053,0.030763877,5
F5,"v35,v38,v40,v43",NA,NA,NA,NA,NA,NA,MLR,0.996156249,0.988468748,0.046436283,0.019085324,4
F5,"v35,v38,v40,v43",NA,NA,NA,NA,NA,NA,WLSMV,0.999774139,0.999322416,0.02317955,0.020455723,4
F5,"v35,v38,v41,v43",NA,NA,NA,NA,NA,NA,MLR,0.997880391,0.993641173,0.03514906,0.015951378,4
F5,"v35,v38,v41,v43,v44",NA,NA,NA,NA,NA,NA,WLSMV,0.998272264,0.996544527,0.062868554,0.032456156,5
F5,"v35,v38,v41,v44",MLR,0.997329367,0.9919881,0.035427189,0.014961126,4,WLSMV,0.999190675,0.997572026,0.056139008,0.023419495,4
F5,"v35,v39,v40,v41",WLSMV,0.99751973,0.992559191,0.064861671,0.027820172,4,WLSMV,0.998835563,0.996506689,0.062054272,0.024890591,4
F5,"v35,v39,v40,v41",MLR,0.987935195,0.963805585,0.074667137,0.022761238,4,WLSMV,0.998835563,0.996506689,0.062054272,0.024890591,4
F5,"v35,v39,v40,v41,v43",NA,NA,NA,NA,NA,NA,WLSMV,0.998290336,0.996580672,0.054164809,0.032628559,5
F5,"v35,v39,v40,v41,v43",NA,NA,NA,NA,NA,NA,MLR,0.981142329,0.962284658,0.077317272,0.0302468,5
F5,"v35,v39,v40,v43",NA,NA,NA,NA,NA,NA,WLSMV,0.99810786,0.994323581,0.060182776,0.027819444,4
F5,"v35,v39,v41,v43",NA,NA,NA,NA,NA,NA,WLSMV,0.998425417,0.995276252,0.058742695,0.027050495,4
F5,"v35,v39,v41,v43,v44",NA,NA,NA,NA,NA,NA,WLSMV,0.997366417,0.994732834,0.073964374,0.037133451,5
F5,"v35,v39,v41,v44",MLR,0.999890196,0.999670587,0.006697087,0.013004807,4,WLSMV,0.999149533,0.9974486,0.054263427,0.023925965,4
F5,"v35,v40,v41,v43",WLSMV,0.995449224,0.986347673,0.077348249,0.034226164,4,MLR,0.996677553,0.990032659,0.043601944,0.018952703,4
F5,"v35,v40,v41,v43",WLSMV,0.995449224,0.986347673,0.077348249,0.034226164,4,WLSMV,0.999805068,0.999415204,0.023262876,0.020752382,4
F5,"v35,v41,v43,v44",NA,NA,NA,NA,NA,NA,WLSMV,0.999547617,0.998642851,0.041381086,0.021963109,4
F5,"v36,v38,v39,v40",NA,NA,NA,NA,NA,NA,WLSMV,0.998714584,0.996143752,0.068613371,0.025625551,4
F5,"v36,v38,v39,v40,v41",WLSMV,0.99763028,0.995260561,0.059521257,0.031760709,5,WLSMV,0.998568734,0.997137469,0.06007616,0.030318858,5
F5,"v36,v38,v39,v40,v41",MLR,0.985507496,0.971014993,0.068093128,0.025177274,5,WLSMV,0.998568734,0.997137469,0.06007616,0.030318858,5
F5,"v36,v38,v39,v40,v41,v43",NA,NA,NA,NA,NA,NA,WLSMV,0.998455158,0.997425263,0.050629449,0.033959974,6
F5,"v36,v38,v39,v40,v41,v44",MLR,0.982591382,0.970985637,0.062150861,0.027884241,6,WLSMV,0.997463656,0.99577276,0.070612855,0.038369398,6
F5,"v36,v38,v39,v40,v41,v44",WLSMV,0.998228394,0.997047324,0.045261471,0.031998174,6,WLSMV,0.997463656,0.99577276,0.070612855,0.038369398,6
F5,"v36,v38,v39,v40,v43",NA,NA,NA,NA,NA,NA,WLSMV,0.999729471,0.999458942,0.021936407,0.024496147,5
F5,"v36,v38,v39,v40,v43",NA,NA,NA,NA,NA,NA,MLR,0.988534751,0.977069502,0.061973985,0.023944047,5
F5,"v36,v38,v39,v40,v44",MLR,0.994691451,0.989382902,0.041661698,0.019959405,5,WLSMV,0.998070591,0.996141182,0.065034325,0.033177693,5
F5,"v36,v38,v39,v41,v43",NA,NA,NA,NA,NA,NA,MLR,0.989519543,0.979039087,0.059691526,0.027394255,5
F5,"v36,v38,v39,v41,v43",NA,NA,NA,NA,NA,NA,WLSMV,0.999438673,0.998877347,0.032193326,0.028171899,5
F5,"v36,v38,v39,v41,v44",MLR,0.996081774,0.992163547,0.032755779,0.018766961,5,MLR,0.99200353,0.98400706,0.056107687,0.021741523,5
F5,"v36,v38,v39,v44",MLR,0.995276388,0.985829165,0.050769206,0.016489007,4,NA,NA,NA,NA,NA,NA
F5,"v36,v38,v39,v44",WLSMV,0.99997655,0.99992965,0.00722187,0.015445903,4,NA,NA,NA,NA,NA,NA
F5,"v36,v38,v40,v41,v43",NA,NA,NA,NA,NA,NA,WLSMV,0.997845254,0.995690507,0.066882321,0.033237666,5
F5,"v36,v38,v40,v41,v44",WLSMV,0.996692678,0.993385356,0.068665901,0.036558785,5,NA,NA,NA,NA,NA,NA
F5,"v36,v38,v40,v43",WLSMV,0.999840595,0.999521785,0.016468439,0.020431972,4,MLR,0.998434301,0.995302904,0.030503914,0.015531086,4
F5,"v36,v38,v40,v43",MLR,0.999567069,0.998701206,0.01434419,0.014727751,4,MLR,0.998434301,0.995302904,0.030503914,0.015531086,4
F5,"v36,v38,v40,v44",WLSMV,0.999463951,0.998391854,0.035828061,0.020311946,4,NA,NA,NA,NA,NA,NA
F5,"v36,v38,v41,v43",NA,NA,NA,NA,NA,NA,WLSMV,0.998782036,0.996346109,0.058458147,0.025963988,4
F5,"v36,v38,v41,v44",MLR,0.995148583,0.98544575,0.04804827,0.017353918,4,WLSMV,0.999408666,0.998225999,0.047310021,0.021343069,4
F5,"v36,v39,v40,v41",MLR,0.990265726,0.970797177,0.067128208,0.021455473,4,NA,NA,NA,NA,NA,NA
F5,"v36,v39,v40,v41",WLSMV,0.99827592,0.994827759,0.054104321,0.025006539,4,NA,NA,NA,NA,NA,NA
F5,"v36,v39,v40,v41,v43",NA,NA,NA,NA,NA,NA,WLSMV,0.997791796,0.995583592,0.062933504,0.033675242,5
F5,"v36,v39,v40,v41,v44",WLSMV,0.997353415,0.994706829,0.054351512,0.032486073,5,NA,NA,NA,NA,NA,NA
F5,"v36,v39,v40,v41,v44",MLR,0.980931297,0.961862593,0.0706566,0.027844414,5,NA,NA,NA,NA,NA,NA
F5,"v36,v39,v40,v43",NA,NA,NA,NA,NA,NA,WLSMV,0.999009024,0.997027073,0.045220008,0.025298528,4
F5,"v36,v39,v40,v44",WLSMV,0.999177439,0.997532318,0.037992934,0.020204455,4,NA,NA,NA,NA,NA,NA
F5,"v36,v39,v40,v44",MLR,0.992459879,0.977379637,0.059839798,0.019331078,4,NA,NA,NA,NA,NA,NA
F5,"v36,v39,v41,v43",NA,NA,NA,NA,NA,NA,WLSMV,0.99742135,0.992264051,0.078172931,0.031034617,4
F5,"v36,v39,v41,v44",NA,NA,NA,NA,NA,NA,WLSMV,0.999529907,0.998589721,0.039440939,0.020390251,4
F5,"v36,v39,v41,v44",NA,NA,NA,NA,NA,NA,MLR,0.990549966,0.971649897,0.079133486,0.020808284,4
F5,"v36,v41,v43,v44",NA,NA,NA,NA,NA,NA,WLSMV,0.999012794,0.997038383,0.057816146,0.025580519,4
F5,"v38,v39,v40,v41",WLSMV,0.997615068,0.992845204,0.079194856,0.028015382,4,NA,NA,NA,NA,NA,NA
F5,"v38,v39,v40,v41,v43",NA,NA,NA,NA,NA,NA,MLR,0.986407123,0.972814247,0.069286195,0.027134303,5
F5,"v38,v39,v40,v41,v43",NA,NA,NA,NA,NA,NA,WLSMV,0.999343305,0.998686611,0.035605759,0.028881775,5
F5,"v38,v39,v40,v41,v44",WLSMV,0.998591289,0.997182578,0.046220782,0.027221896,5,WLSMV,0.998318279,0.996636558,0.062635453,0.031679657,5
F5,"v38,v39,v40,v41,v44",MLR,0.989862544,0.979725088,0.055606134,0.022702046,5,WLSMV,0.998318279,0.996636558,0.062635453,0.031679657,5
F5,"v38,v39,v41,v43",NA,NA,NA,NA,NA,NA,WLSMV,0.998145303,0.994435909,0.065742747,0.02839581,4
F5,"v38,v39,v41,v44",MLR,0.996235262,0.988705785,0.041191765,0.017409418,4,MLR,0.992082751,0.976248252,0.071465882,0.020596427,4
F5,"v38,v39,v41,v44",MLR,0.996235262,0.988705785,0.041191765,0.017409418,4,WLSMV,0.999467201,0.998401603,0.040997943,0.020296492,4
F5,"v38,v40,v41,v43",NA,NA,NA,NA,NA,NA,WLSMV,0.998559012,0.995677035,0.068357144,0.029387958,4
F5,"v38,v40,v41,v44",MLR,0.989001029,0.967003088,0.077267097,0.020907268,4,NA,NA,NA,NA,NA,NA
F5,"v38,v40,v41,v44",WLSMV,0.998132613,0.994397839,0.067499053,0.026315944,4,NA,NA,NA,NA,NA,NA
F5,"v38,v41,v43,v44",NA,NA,NA,NA,NA,NA,WLSMV,0.998873842,0.996621527,0.061530565,0.024793584,4
F5,"v39,v40,v41,v43",NA,NA,NA,NA,NA,NA,WLSMV,0.998681795,0.996045386,0.059452395,0.026996516,4
F5,"v39,v40,v41,v44",MLR,0.991903024,0.975709072,0.060750893,0.019556829,4,NA,NA,NA,NA,NA,NA
F5,"v39,v40,v41,v44",WLSMV,0.998970928,0.996912784,0.04368424,0.022377603,4,NA,NA,NA,NA,NA,NA
F6,"v46,v47,v49,v50,v52",WLSMV,0.997867827,0.995735653,0.07412762,0.030682595,5,NA,NA,NA,NA,NA,NA
F6,"v46,v47,v49,v50,v52,v56",WLSMV,0.998159104,0.996931839,0.055215728,0.030575371,6,NA,NA,NA,NA,NA,NA
F6,"v46,v47,v49,v50,v52,v56,v57",WLSMV,0.996544817,0.994817225,0.06500972,0.039094027,7,WLSMV,0.998113142,0.997169713,0.072090796,0.036847089,7
F6,"v46,v47,v49,v50,v52,v56,v59",WLSMV,0.997305225,0.995957838,0.057762351,0.03867315,7,WLSMV,0.998148972,0.997223457,0.07195737,0.035163149,7
F6,"v46,v47,v49,v50,v52,v56,v60",WLSMV,0.997317388,0.995976081,0.056682962,0.037355082,7,WLSMV,0.998324011,0.997486017,0.068262197,0.033496565,7
F6,"v46,v47,v49,v50,v52,v57",WLSMV,0.996168548,0.993614247,0.07971855,0.040872331,6,NA,NA,NA,NA,NA,NA
F6,"v46,v47,v49,v50,v52,v59",WLSMV,0.997076175,0.995126958,0.069818437,0.039030049,6,NA,NA,NA,NA,NA,NA
F6,"v46,v47,v49,v50,v52,v60",WLSMV,0.996775334,0.994625556,0.072303059,0.039738553,6,NA,NA,NA,NA,NA,NA
F6,"v46,v47,v49,v50,v56",WLSMV,0.99832916,0.996658319,0.063145141,0.027103123,5,NA,NA,NA,NA,NA,NA
F6,"v46,v47,v49,v50,v56,v57",WLSMV,0.996922496,0.994870826,0.069355848,0.035765693,6,NA,NA,NA,NA,NA,NA
F6,"v46,v47,v49,v50,v56,v59",WLSMV,0.997191738,0.995319563,0.066364539,0.038933374,6,NA,NA,NA,NA,NA,NA
F6,"v46,v47,v49,v50,v56,v60",WLSMV,0.997490394,0.995817323,0.061352149,0.035118562,6,NA,NA,NA,NA,NA,NA
F6,"v46,v47,v49,v52",MLR,0.997651052,0.992953156,0.039132994,0.013531294,4,WLSMV,0.999465628,0.998396883,0.057541801,0.022362114,4
F6,"v46,v47,v49,v52",WLSMV,0.999968724,0.999906172,0.009753925,0.015264214,4,WLSMV,0.999465628,0.998396883,0.057541801,0.022362114,4
F6,"v46,v47,v49,v52,v56",MLR,0.996651969,0.993303939,0.033126654,0.018232048,5,WLSMV,0.998884072,0.997768144,0.060433441,0.028869493,5
F6,"v46,v47,v49,v52,v56,v57",WLSMV,0.994572052,0.990953419,0.075752967,0.040950558,6,WLSMV,0.998457111,0.997428518,0.058574893,0.035061286,6
F6,"v46,v47,v49,v52,v56,v59",WLSMV,0.996471948,0.994119913,0.061538786,0.040507799,6,WLSMV,0.99872862,0.997881033,0.053474107,0.032761831,6
F6,"v46,v47,v49,v52,v56,v60",WLSMV,0.996656052,0.994426754,0.058877377,0.038452756,6,WLSMV,0.99897331,0.99828885,0.047779774,0.030420399,6
F6,"v46,v47,v49,v52,v57",NA,NA,NA,NA,NA,NA,WLSMV,0.998501312,0.997002623,0.068460421,0.033313927,5
F6,"v46,v47,v49,v52,v59",NA,NA,NA,NA,NA,NA,WLSMV,0.99916172,0.99832344,0.051266413,0.028932123,5
F6,"v46,v47,v49,v52,v60",NA,NA,NA,NA,NA,NA,WLSMV,0.998958596,0.997917191,0.05697697,0.030445809,5
F6,"v46,v47,v49,v56",MLR,0.99647019,0.989410571,0.046824007,0.015154262,4,NA,NA,NA,NA,NA,NA
F6,"v46,v47,v49,v56,v59",NA,NA,NA,NA,NA,NA,WLSMV,0.997795953,0.995591907,0.079245682,0.037319735,5
F6,"v46,v47,v49,v56,v60",WLSMV,0.995834187,0.991668375,0.075391052,0.039309016,5,WLSMV,0.99828721,0.99657442,0.069786392,0.033163582,5
F6,"v46,v47,v49,v59",NA,NA,NA,NA,NA,NA,WLSMV,0.999049562,0.997148687,0.071149499,0.028030188,4
F6,"v46,v47,v50,v52",WLSMV,0.999616105,0.998848314,0.03662139,0.018596308,4,NA,NA,NA,NA,NA,NA
F6,"v46,v47,v50,v52",MLR,0.994997908,0.984993724,0.06006716,0.01634051,4,NA,NA,NA,NA,NA,NA
F6,"v46,v47,v50,v52,v56",MLR,0.99665872,0.99331744,0.034348295,0.017169624,5,WLSMV,0.998781211,0.997562422,0.066701748,0.028329142,5
F6,"v46,v47,v50,v52,v56,v57",MLR,0.992587467,0.987645778,0.039749155,0.022159258,6,WLSMV,0.999169505,0.998615841,0.044292237,0.030541145,6
F6,"v46,v47,v50,v52,v56,v57",WLSMV,0.99961206,0.999353433,0.020626231,0.02591017,6,WLSMV,0.999169505,0.998615841,0.044292237,0.030541145,6
F6,"v46,v47,v50,v52,v56,v59",WLSMV,0.999129313,0.998548855,0.031410725,0.030129267,6,WLSMV,0.998776336,0.99796056,0.055030392,0.031676948,6
F6,"v46,v47,v50,v52,v56,v59",MLR,0.985187421,0.975312369,0.058536385,0.027842451,6,WLSMV,0.998776336,0.99796056,0.055030392,0.031676948,6
F6,"v46,v47,v50,v52,v56,v60",MLR,0.993074837,0.988458061,0.039005637,0.022918124,6,WLSMV,0.999135538,0.99855923,0.045943357,0.028558258,6
F6,"v46,v47,v50,v52,v57",WLSMV,0.998872093,0.997744185,0.042650754,0.027360786,5,WLSMV,0.999788478,0.999576956,0.026463873,0.021824057,5
F6,"v46,v47,v50,v52,v57",MLR,0.990316707,0.980633414,0.055571305,0.022443381,5,WLSMV,0.999788478,0.999576956,0.026463873,0.021824057,5
F6,"v46,v47,v50,v52,v59",WLSMV,0.99908391,0.99816782,0.038902,0.027423022,5,WLSMV,0.999068316,0.998136633,0.056908084,0.028367371,5
F6,"v46,v47,v50,v52,v59",MLR,0.988233555,0.97646711,0.063750191,0.024352317,5,WLSMV,0.999068316,0.998136633,0.056908084,0.028367371,5
F6,"v46,v47,v50,v52,v60",WLSMV,0.999446767,0.998893534,0.02980849,0.024567957,5,WLSMV,0.999201611,0.998403222,0.052440781,0.027509451,5
F6,"v46,v47,v50,v52,v60",MLR,0.991663187,0.983326373,0.052352192,0.022964725,5,WLSMV,0.999201611,0.998403222,0.052440781,0.027509451,5
F6,"v46,v47,v50,v56,v57",MLR,0.992804124,0.985608249,0.046000078,0.021227353,5,WLSMV,0.998894829,0.997789657,0.058036309,0.030889787,5
F6,"v46,v47,v50,v56,v57",WLSMV,0.999410118,0.998820237,0.029302798,0.024332167,5,WLSMV,0.998894829,0.997789657,0.058036309,0.030889787,5
F6,"v46,v47,v50,v56,v59",WLSMV,0.998187171,0.996374343,0.051953928,0.03418269,5,WLSMV,0.998029347,0.996058693,0.07866465,0.035766245,5
F6,"v46,v47,v50,v56,v60",MLR,0.995494603,0.990989207,0.036849868,0.020794841,5,WLSMV,0.998780883,0.997561766,0.061681084,0.029585717,5
F6,"v46,v47,v50,v57",WLSMV,0.998590119,0.995770356,0.064214322,0.025968125,4,NA,NA,NA,NA,NA,NA
F6,"v46,v47,v50,v57",MLR,0.991459273,0.974377818,0.070527991,0.021079736,4,NA,NA,NA,NA,NA,NA
F6,"v46,v47,v50,v59",WLSMV,0.998403972,0.995211917,0.06852026,0.030266255,4,WLSMV,0.999220159,0.997660477,0.067771227,0.026684358,4
F6,"v46,v47,v50,v60",MLR,0.99785086,0.993552579,0.035712006,0.015202449,4,WLSMV,0.999673631,0.999020894,0.043922827,0.02083967,4
F6,"v46,v47,v52,v56",MLR,0.999284218,0.997852654,0.020119038,0.014001751,4,WLSMV,0.999117267,0.997351801,0.068263999,0.023735733,4
F6,"v46,v47,v52,v56,v57",MLR,0.995954186,0.991908372,0.03184935,0.019645477,5,WLSMV,0.999163891,0.998327782,0.046497505,0.031032921,5
F6,"v46,v47,v52,v56,v57",WLSMV,0.999910779,0.999821558,0.009841174,0.021960454,5,WLSMV,0.999163891,0.998327782,0.046497505,0.031032921,5
F6,"v46,v47,v52,v56,v59",WLSMV,0.998549649,0.997099298,0.040633815,0.02979974,5,WLSMV,0.998232401,0.996464802,0.069261426,0.034391771,5
F6,"v46,v47,v52,v56,v59",MLR,0.985391248,0.970782497,0.064014595,0.028666456,5,WLSMV,0.998232401,0.996464802,0.069261426,0.034391771,5
F6,"v46,v47,v52,v56,v60",MLR,0.989229328,0.978458655,0.053451167,0.025389519,5,WLSMV,0.998888528,0.997777056,0.054333047,0.0300994,5
F6,"v46,v47,v52,v56,v60",WLSMV,0.999281413,0.998562825,0.028232989,0.025612377,5,WLSMV,0.998888528,0.997777056,0.054333047,0.0300994,5
F6,"v46,v47,v52,v57",WLSMV,0.999188553,0.997565659,0.040145956,0.021011189,4,MLR,0.999864272,0.999592816,0.010644501,0.011591609,4
F6,"v46,v47,v52,v57",MLR,0.993930653,0.981791959,0.053335769,0.018427668,4,MLR,0.999864272,0.999592816,0.010644501,0.011591609,4
F6,"v46,v47,v52,v59",MLR,0.991610864,0.974832591,0.066359012,0.023231194,4,WLSMV,0.999010203,0.997030608,0.070305432,0.027168057,4
F6,"v46,v47,v52,v59",WLSMV,0.999312995,0.997938984,0.037548649,0.024147917,4,WLSMV,0.999010203,0.997030608,0.070305432,0.027168057,4
F6,"v46,v47,v52,v60",WLSMV,0.998079471,0.994238412,0.062826376,0.028119161,4,WLSMV,0.999055414,0.997166243,0.068164916,0.028998688,4
F6,"v46,v47,v56,v57",MLR,0.991887174,0.975661522,0.059175229,0.019620615,4,WLSMV,0.998927821,0.996783463,0.068824392,0.033509233,4
F6,"v46,v47,v56,v57",WLSMV,0.999143153,0.997429458,0.039253703,0.021630778,4,WLSMV,0.998927821,0.996783463,0.068824392,0.033509233,4
F6,"v46,v47,v56,v59",WLSMV,0.996678937,0.990036811,0.078375779,0.033741258,4,NA,NA,NA,NA,NA,NA
F6,"v46,v47,v56,v60",MLR,0.993159571,0.979478712,0.055637138,0.022026223,4,WLSMV,0.999197895,0.997593685,0.059530161,0.028586547,4
F6,"v46,v47,v56,v60",WLSMV,0.999661906,0.998985717,0.024336514,0.021595218,4,WLSMV,0.999197895,0.997593685,0.059530161,0.028586547,4
F6,"v46,v49,v50,v52",MLR,0.991807472,0.975422416,0.075847784,0.019266773,4,MLR,0.997087181,0.991261543,0.057616614,0.015559575,4
F6,"v46,v49,v50,v52",WLSMV,0.999176987,0.99753096,0.054030121,0.023370437,4,MLR,0.997087181,0.991261543,0.057616614,0.015559575,4
F6,"v46,v49,v50,v52,v56",WLSMV,0.998928674,0.997857347,0.0427805,0.02814505,5,MLR,0.995998395,0.991996789,0.0466965,0.020058761,5
F6,"v46,v49,v50,v52,v56",MLR,0.98571136,0.971422721,0.069733535,0.026075276,5,MLR,0.995998395,0.991996789,0.0466965,0.020058761,5
F6,"v46,v49,v50,v52,v56,v57",MLR,0.976940964,0.961568273,0.07028129,0.031453714,6,WLSMV,0.999996601,0.999994335,0.003158748,0.028512942,6
F6,"v46,v49,v50,v52,v56,v57",WLSMV,0.998038551,0.996730918,0.04794854,0.033846437,6,WLSMV,0.999996601,0.999994335,0.003158748,0.028512942,6
F6,"v46,v49,v50,v52,v56,v59",WLSMV,0.998194702,0.996991171,0.046209769,0.035603498,6,MLR,0.989195831,0.981993051,0.062318069,0.027586675,6
F6,"v46,v49,v50,v52,v56,v60",WLSMV,0.998367358,0.99727893,0.042903032,0.033683103,6,MLR,0.989213886,0.982023143,0.061653363,0.025179655,6
F6,"v46,v49,v50,v52,v57",WLSMV,0.998233423,0.996466847,0.056153532,0.032261764,5,WLSMV,0.9998497,0.9996994,0.025664616,0.026175919,5
F6,"v46,v49,v50,v52,v59",WLSMV,0.998429508,0.996859015,0.05283767,0.033274182,5,MLR,0.994114098,0.988228197,0.056919352,0.021529248,5
F6,"v46,v49,v50,v52,v60",WLSMV,0.998037566,0.996075132,0.057900216,0.034863232,5,NA,NA,NA,NA,NA,NA
F6,"v46,v49,v50,v56,v57",MLR,0.994024041,0.988048083,0.042723818,0.020002508,5,WLSMV,0.999955844,0.999911689,0.013541175,0.026868226,5
F6,"v46,v49,v50,v56,v59",MLR,0.982790187,0.965580374,0.076013352,0.029618074,5,MLR,0.993760099,0.987520198,0.056419564,0.026577404,5
F6,"v46,v49,v50,v56,v59",WLSMV,0.999082893,0.998165786,0.03901689,0.030926766,5,MLR,0.993760099,0.987520198,0.056419564,0.026577404,5
F6,"v46,v49,v50,v56,v60",MLR,0.985761935,0.97152387,0.06714997,0.025293861,5,MLR,0.999591824,0.999183647,0.014209498,0.017315414,5
F6,"v46,v49,v50,v56,v60",WLSMV,0.999943643,0.999887286,0.009346904,0.023557586,5,MLR,0.999591824,0.999183647,0.014209498,0.017315414,5
F6,"v46,v49,v50,v57",WLSMV,0.999932906,0.999798719,0.01545272,0.014635146,4,WLSMV,0.99968774,0.999063219,0.051860706,0.024471784,4
F6,"v46,v49,v50,v57",MLR,0.991256743,0.973770229,0.074461109,0.019515966,4,WLSMV,0.99968774,0.999063219,0.051860706,0.024471784,4
F6,"v46,v49,v50,v59",WLSMV,0.999469888,0.998409665,0.042826671,0.024012661,4,NA,NA,NA,NA,NA,NA
F6,"v46,v49,v50,v60",WLSMV,0.999503255,0.998509765,0.040250868,0.021695964,4,NA,NA,NA,NA,NA,NA
F6,"v46,v49,v52,v56",WLSMV,0.998981579,0.996944736,0.039272231,0.021384719,4,MLR,0.996299515,0.988898546,0.052079375,0.016606551,4
F6,"v46,v49,v52,v56",MLR,0.992707088,0.978121263,0.057618896,0.019897379,4,MLR,0.996299515,0.988898546,0.052079375,0.016606551,4
F6,"v46,v49,v52,v56,v57",MLR,0.97295981,0.94591962,0.07840189,0.033921348,5,MLR,0.988153068,0.976306137,0.067021332,0.025878927,5
F6,"v46,v49,v52,v56,v57",WLSMV,0.99537408,0.990748159,0.065093165,0.035648752,5,MLR,0.988153068,0.976306137,0.067021332,0.025878927,5
F6,"v46,v49,v52,v56,v57,v59",NA,NA,NA,NA,NA,NA,WLSMV,0.996525621,0.994209369,0.076865115,0.044083968,6
F6,"v46,v49,v52,v56,v59",WLSMV,0.996130604,0.992261208,0.059743348,0.037292808,5,MLR,0.994828429,0.989656859,0.04510085,0.021044966,5
F6,"v46,v49,v52,v56,v60",WLSMV,0.99707415,0.9941483,0.050446972,0.032492209,5,MLR,0.998059481,0.996118963,0.027264509,0.017087121,5
F6,"v46,v49,v52,v57",WLSMV,0.997186183,0.991558549,0.068202797,0.029280931,4,MLR,0.992099485,0.976298454,0.075847161,0.021088625,4
F6,"v46,v49,v52,v59",NA,NA,NA,NA,NA,NA,MLR,0.998035006,0.994105018,0.038424353,0.014596225,4
F6,"v46,v49,v52,v60",WLSMV,0.995963764,0.987891293,0.07902852,0.033990143,4,MLR,0.995030675,0.985092026,0.060779597,0.017584657,4
F6,"v46,v49,v56,v57",MLR,0.99170408,0.97511224,0.058112478,0.021735785,4,NA,NA,NA,NA,NA,NA
F6,"v46,v49,v56,v57",WLSMV,0.999198482,0.997595447,0.035568506,0.020308159,4,NA,NA,NA,NA,NA,NA
F6,"v46,v49,v56,v59",WLSMV,0.996283955,0.988851865,0.074998491,0.034770015,4,WLSMV,0.999173971,0.997521913,0.049678171,0.024692326,4
F6,"v46,v49,v56,v60",WLSMV,0.99880258,0.99640774,0.040311253,0.023684634,4,NA,NA,NA,NA,NA,NA
F6,"v46,v49,v56,v60",MLR,0.985994404,0.957983212,0.078130191,0.024422881,4,NA,NA,NA,NA,NA,NA
F6,"v46,v50,v52,v56",MLR,0.998140824,0.994422471,0.030793187,0.014323014,4,MLR,0.999460883,0.998382649,0.021029086,0.013409733,4
F6,"v46,v50,v52,v56,v57",MLR,0.999916413,0.999832826,0.004432589,0.017491554,5,WLSMV,0.999922626,0.999845251,0.012777603,0.027169108,5
F6,"v46,v50,v52,v56,v57",MLR,0.999916413,0.999832826,0.004432589,0.017491554,5,MLR,0.986950112,0.973900225,0.072336078,0.027328935,5
F6,"v46,v50,v52,v56,v59",WLSMV,0.999607589,0.999215178,0.01942193,0.025761736,5,MLR,0.996458086,0.992916171,0.038970184,0.020485091,5
F6,"v46,v50,v52,v56,v59",MLR,0.987959593,0.975919185,0.056641307,0.025120448,5,MLR,0.996458086,0.992916171,0.038970184,0.020485091,5
F6,"v46,v50,v52,v56,v60",MLR,0.998933099,0.997866198,0.016219738,0.017444425,5,MLR,0.998385802,0.996771604,0.025779815,0.017440637,5
F6,"v46,v50,v52,v57",NA,NA,NA,NA,NA,NA,MLR,0.992823301,0.978469903,0.074253319,0.021152314,4
F6,"v46,v50,v52,v59",MLR,0.997791367,0.993374102,0.033486843,0.015618102,4,NA,NA,NA,NA,NA,NA
F6,"v46,v50,v52,v60",MLR,0.997782166,0.993346497,0.032344139,0.016301035,4,MLR,0.996625524,0.989876571,0.052096216,0.016603597,4
F6,"v46,v50,v56,v57",NA,NA,NA,NA,NA,NA,WLSMV,0.99896114,0.99688342,0.056951504,0.027337226,4
F6,"v46,v50,v56,v59",WLSMV,0.99702257,0.991067709,0.065997013,0.03151548,4,WLSMV,0.999461828,0.998385483,0.041716814,0.023149352,4
F6,"v46,v50,v56,v60",MLR,0.998130727,0.994392182,0.027422832,0.016750015,4,MLR,0.997792455,0.993377366,0.038726431,0.017256918,4
F6,"v46,v52,v56,v57",MLR,0.997753484,0.993260451,0.025543228,0.016405494,4,WLSMV,0.99886471,0.996594129,0.051170577,0.028573631,4
F6,"v46,v52,v56,v57",WLSMV,0.999500738,0.998502215,0.021130152,0.019747834,4,WLSMV,0.99886471,0.996594129,0.051170577,0.028573631,4
F6,"v46,v52,v56,v59",MLR,0.997131603,0.99139481,0.031967678,0.016054048,4,MLR,0.998255797,0.994767391,0.032442808,0.015514625,4
F6,"v46,v56,v57,v59",NA,NA,NA,NA,NA,NA,WLSMV,0.999272074,0.997816222,0.044860342,0.024383172,4
F6,"v46,v56,v57,v59,v60",NA,NA,NA,NA,NA,NA,WLSMV,0.998894985,0.997789969,0.05405941,0.031398667,5
F6,"v46,v56,v57,v60",NA,NA,NA,NA,NA,NA,WLSMV,0.997902178,0.993706535,0.07749169,0.030207491,4
F6,"v46,v57,v59,v60",WLSMV,0.999529705,0.998589115,0.050408582,0.024671375,4,NA,NA,NA,NA,NA,NA
F6,"v46,v57,v59,v60",MLR,0.996387335,0.989162004,0.050582683,0.02091761,4,NA,NA,NA,NA,NA,NA
F6,"v47,v49,v50,v52,v56",WLSMV,0.997953149,0.995906298,0.063639216,0.032810435,5,WLSMV,0.999591847,0.999183693,0.043781507,0.023329905,5
F6,"v47,v49,v50,v52,v56,v57",WLSMV,0.995617946,0.992696576,0.075756982,0.0426834,6,WLSMV,0.999360978,0.998934963,0.043601928,0.03202958,6
F6,"v47,v49,v50,v52,v56,v59",WLSMV,0.997838344,0.99639724,0.053998107,0.03546871,6,WLSMV,0.999667894,0.99944649,0.03197942,0.026220371,6
F6,"v47,v49,v50,v52,v56,v60",WLSMV,0.997135979,0.995226632,0.060626389,0.03857808,6,WLSMV,0.999763622,0.999606037,0.026821179,0.024974391,6
F6,"v47,v49,v50,v52,v57",NA,NA,NA,NA,NA,NA,WLSMV,0.998923493,0.997846985,0.068703067,0.034084146,5
F6,"v47,v49,v50,v52,v59",WLSMV,0.998077533,0.996155066,0.062439276,0.032952586,5,WLSMV,0.999367627,0.998735255,0.053550817,0.026808802,5
F6,"v47,v49,v50,v52,v60",WLSMV,0.997000516,0.994001032,0.076289794,0.039676034,5,WLSMV,0.999271851,0.998543701,0.057229006,0.028294157,5
F6,"v47,v49,v50,v56",WLSMV,0.99870964,0.996128919,0.069173835,0.027811157,4,WLSMV,0.999826302,0.999478905,0.039001973,0.018371035,4
F6,"v47,v49,v50,v56,v57",WLSMV,0.996901805,0.99380361,0.07561258,0.036319519,5,WLSMV,0.999538511,0.999077022,0.043480377,0.029554948,5
F6,"v47,v49,v50,v56,v59",WLSMV,0.998575795,0.997151589,0.051792726,0.031394428,5,WLSMV,0.999619843,0.999239686,0.039835162,0.026819101,5
F6,"v47,v49,v50,v56,v60",WLSMV,0.997964436,0.995928871,0.059779607,0.033983749,5,WLSMV,0.999856419,0.999712839,0.024408498,0.023195383,5
F6,"v47,v49,v50,v57",NA,NA,NA,NA,NA,NA,WLSMV,0.999408944,0.998226832,0.070046746,0.029482862,4
F6,"v47,v49,v50,v59",WLSMV,0.999747052,0.999241156,0.031397694,0.017983408,4,WLSMV,0.999672,0.999016,0.05249346,0.02381628,4
F6,"v47,v49,v50,v59",MLR,0.992545922,0.977637767,0.073845277,0.017898203,4,WLSMV,0.999672,0.999016,0.05249346,0.02381628,4
F6,"v47,v49,v50,v60",WLSMV,0.998754454,0.996263363,0.067457318,0.028036415,4,WLSMV,0.999647575,0.998942724,0.054439266,0.023786492,4
F6,"v47,v49,v52,v56,v57",NA,NA,NA,NA,NA,NA,WLSMV,0.999695823,0.999391646,0.025019713,0.028583927,5
F6,"v47,v49,v52,v56,v57,v59",NA,NA,NA,NA,NA,NA,WLSMV,0.997290498,0.995484163,0.068440593,0.043323041,6
F6,"v47,v49,v52,v56,v59",WLSMV,0.997319376,0.994638752,0.055283559,0.032718696,5,NA,NA,NA,NA,NA,NA
F6,"v47,v49,v52,v56,v60",WLSMV,0.99586524,0.99173048,0.066492646,0.037004274,5,NA,NA,NA,NA,NA,NA
F6,"v47,v49,v56,v57,v59",NA,NA,NA,NA,NA,NA,WLSMV,0.998363796,0.996727592,0.05810686,0.03329261,5
F6,"v47,v49,v56,v59",WLSMV,0.997516557,0.992549671,0.068140316,0.02970539,4,NA,NA,NA,NA,NA,NA
F6,"v47,v50,v52,v56,v57",WLSMV,0.999707182,0.999414364,0.017952428,0.023900156,5,MLR,0.99858649,0.99717298,0.024449903,0.019174219,5
F6,"v47,v50,v52,v56,v57",MLR,0.995126311,0.990252622,0.036136435,0.01985084,5,MLR,0.99858649,0.99717298,0.024449903,0.019174219,5
F6,"v47,v50,v52,v56,v59",MLR,0.99466096,0.98932192,0.040257713,0.019782377,5,NA,NA,NA,NA,NA,NA
F6,"v47,v50,v52,v56,v60",MLR,0.998274109,0.996548218,0.022061824,0.017114123,5,NA,NA,NA,NA,NA,NA
F6,"v47,v50,v52,v57",WLSMV,0.999355263,0.998065788,0.036026422,0.021648205,4,MLR,0.995842744,0.987528231,0.058068448,0.017803249,4
F6,"v47,v50,v52,v57",MLR,0.994732865,0.984198594,0.051787536,0.018384964,4,MLR,0.995842744,0.987528231,0.058068448,0.017803249,4
F6,"v47,v50,v52,v60",MLR,0.998828344,0.996485033,0.025143096,0.014126491,4,NA,NA,NA,NA,NA,NA
F6,"v47,v50,v56,v57",MLR,0.987524834,0.962574501,0.074698918,0.022299017,4,NA,NA,NA,NA,NA,NA
F6,"v47,v50,v56,v57",WLSMV,0.998058611,0.994175833,0.057516784,0.025531732,4,NA,NA,NA,NA,NA,NA
F6,"v47,v50,v56,v59",WLSMV,0.998649089,0.995947267,0.050111538,0.025770216,4,NA,NA,NA,NA,NA,NA
F6,"v47,v50,v56,v60",WLSMV,0.999836364,0.999509092,0.016339402,0.019625291,4,NA,NA,NA,NA,NA,NA
F6,"v47,v50,v56,v60",MLR,0.993588221,0.980764664,0.054950471,0.018515963,4,NA,NA,NA,NA,NA,NA
F6,"v47,v52,v56,v57",NA,NA,NA,NA,NA,NA,WLSMV,0.999957584,0.999872751,0.01054716,0.023127719,4
F6,"v47,v52,v56,v57",NA,NA,NA,NA,NA,NA,MLR,0.992614094,0.977842281,0.067960864,0.021222674,4
F6,"v47,v52,v56,v59",MLR,0.996981143,0.99094343,0.03691723,0.015867288,4,NA,NA,NA,NA,NA,NA
F6,"v47,v52,v56,v60",MLR,0.996641669,0.989925007,0.037128093,0.015888917,4,NA,NA,NA,NA,NA,NA
F6,"v47,v56,v57,v59",NA,NA,NA,NA,NA,NA,WLSMV,0.9978602,0.9935806,0.078489678,0.030759554,4
F6,"v47,v56,v57,v59,v60",NA,NA,NA,NA,NA,NA,WLSMV,0.998019814,0.996039629,0.073287051,0.036816299,5
F6,"v47,v57,v59,v60",MLR,0.999682668,0.999048005,0.015207167,0.010301447,4,NA,NA,NA,NA,NA,NA
F6,"v49,v50,v52,v56",WLSMV,0.997907218,0.993721655,0.075942855,0.031331066,4,MLR,0.99429991,0.982899731,0.076373766,0.021912122,4
F6,"v49,v50,v52,v56,v57",WLSMV,0.996035762,0.992071524,0.075523677,0.039146823,5,WLSMV,0.999607886,0.999215771,0.039014932,0.029689345,5
F6,"v49,v50,v52,v56,v59",WLSMV,0.99772276,0.995445521,0.058185628,0.033588869,5,WLSMV,0.999756418,0.999512836,0.031299602,0.025782885,5
F6,"v49,v50,v52,v56,v60",WLSMV,0.996974346,0.993948692,0.064670387,0.037001722,5,WLSMV,0.999933939,0.999867878,0.016182385,0.023788715,5
F6,"v49,v50,v52,v57",NA,NA,NA,NA,NA,NA,WLSMV,0.999534088,0.998602264,0.060548189,0.025477057,4
F6,"v49,v50,v52,v59",WLSMV,0.998310645,0.994931935,0.071222253,0.028956522,4,WLSMV,0.999728062,0.999184185,0.047003663,0.022197168,4
F6,"v49,v50,v52,v60",NA,NA,NA,NA,NA,NA,WLSMV,0.999568099,0.998704298,0.058963866,0.02633936,4
F6,"v49,v50,v56,v57",MLR,0.995569208,0.986707625,0.048186373,0.016569515,4,WLSMV,0.999540759,0.998622278,0.058359688,0.028598314,4
F6,"v49,v50,v56,v59",WLSMV,0.999419213,0.998257638,0.040269665,0.02261227,4,WLSMV,0.999550428,0.998651283,0.058030671,0.027250634,4
F6,"v49,v50,v56,v59",MLR,0.990831032,0.972493095,0.074292867,0.023035048,4,WLSMV,0.999550428,0.998651283,0.058030671,0.027250634,4
F6,"v49,v50,v56,v60",MLR,0.990093906,0.970281719,0.074103491,0.020819323,4,MLR,0.994958105,0.984874315,0.067767112,0.020410668,4
F6,"v49,v50,v56,v60",WLSMV,0.99990829,0.999724871,0.015160266,0.019716792,4,MLR,0.994958105,0.984874315,0.067767112,0.020410668,4
F6,"v49,v52,v56,v57",NA,NA,NA,NA,NA,NA,WLSMV,0.999548622,0.998645867,0.034641409,0.024305005,4
F6,"v49,v52,v56,v57,v59",NA,NA,NA,NA,NA,NA,WLSMV,0.996717003,0.993434007,0.079807314,0.043734304,5
F6,"v49,v52,v56,v59",MLR,0.993039865,0.979119596,0.054534984,0.019979931,4,NA,NA,NA,NA,NA,NA
F6,"v49,v52,v56,v59",WLSMV,0.99919615,0.997588449,0.032539355,0.020547339,4,NA,NA,NA,NA,NA,NA
F6,"v49,v52,v56,v60",WLSMV,0.997577745,0.992733236,0.053322248,0.026406175,4,NA,NA,NA,NA,NA,NA
F6,"v49,v56,v57,v59",NA,NA,NA,NA,NA,NA,WLSMV,0.998516165,0.995548495,0.067682485,0.029801683,4
F6,"v49,v56,v57,v59,v60",NA,NA,NA,NA,NA,NA,WLSMV,0.998176895,0.99635379,0.07158358,0.036741186,5
F6,"v49,v57,v59,v60",WLSMV,0.999763549,0.999290646,0.038544273,0.016611546,4,MLR,0.99594946,0.98784838,0.060488669,0.016926668,4
F6,"v49,v57,v59,v60",WLSMV,0.999763549,0.999290646,0.038544273,0.016611546,4,WLSMV,0.999820589,0.999461766,0.032280779,0.01847147,4
F6,"v49,v57,v59,v60",MLR,0.997008426,0.991025277,0.049674761,0.017509684,4,MLR,0.99594946,0.98784838,0.060488669,0.016926668,4
F6,"v49,v57,v59,v60",MLR,0.997008426,0.991025277,0.049674761,0.017509684,4,WLSMV,0.999820589,0.999461766,0.032280779,0.01847147,4
F6,"v50,v52,v56,v57",MLR,0.993629903,0.980889709,0.047783424,0.018893462,4,MLR,0.995712703,0.987138108,0.052790825,0.019885075,4
F6,"v50,v52,v56,v57",WLSMV,0.999165466,0.997496397,0.030342816,0.023275552,4,MLR,0.995712703,0.987138108,0.052790825,0.019885075,4
F6,"v50,v52,v56,v59",WLSMV,0.999916303,0.999748908,0.010360217,0.018846004,4,NA,NA,NA,NA,NA,NA
F6,"v50,v52,v56,v59",MLR,0.996535348,0.989606045,0.039264192,0.0163246,4,NA,NA,NA,NA,NA,NA
F6,"v50,v57,v59,v60",MLR,0.996039089,0.988117267,0.054937008,0.016353832,4,NA,NA,NA,NA,NA,NA
F6,"v50,v57,v59,v60",WLSMV,0.999986707,0.99996012,0.008687799,0.017309193,4,NA,NA,NA,NA,NA,NA
F6,"v52,v56,v57,v59,v60",NA,NA,NA,NA,NA,NA,WLSMV,0.997858621,0.995717241,0.074182217,0.040679355,5
F6,"v52,v57,v59,v60",NA,NA,NA,NA,NA,NA,MLR,0.996286625,0.988859874,0.056310694,0.017987205,4
F6,"v56,v57,v59,v60",MLR,0.996101111,0.988303332,0.052939781,0.016496846,4,MLR,0.996615064,0.989845191,0.052717071,0.015127851,4
